sampleID	Bucket	SampleNumber	SampleType	FLWC_Detail	FLWC_Age_Months	FLWC_Location	Sampler_Initials	Bulking_Material_Detail	Composting_Time_Point	Date	Season	Crate_Location	Temp_Top_Bucket_C	Temp_Bottom_Bucket_C	Average_Ambient_Temp	Wt_Bucket_Compost_Kg	Wt_Bucket_Kg	Wt_Compost_Kg	Observations_Outside_Bucket	Observations_Vent_Tube	Visible_Contents_Access_Port	Compost_Temp_C	Compost_Moisture_Percent	Sample_Weight_g	Observed_Sample_Color	Observed_Sample_Moisture	Observed_Sample_Contents	Observed_Sample_Smell	Observed_Sample_Organisms_YN	Organism_Type	Length_Observed_Organism_mm	Compost_pH	Notes_Comments	sample_uuid	Sequenced_16S	Sequenced_18S	Sequenced_ITS	Sequenced_Metagenome
#q2:types	categorical	numeric	categorical	categorical	categorical	categorical	categorical	categorical	numeric	categorical	categorical	numeric	numeric	numeric	numeric	numeric	numeric	numeric	categorical	categorical	categorical	numeric	numeric	numeric	categorical	categorical	categorical	categorical	categorical	categorical	categorical	numeric	categorical	categorical	categorical	categorical	categorical	categorical
S_8092ad80	1	1	Bulking Material				JM	Straw		2021-09-02																									Y	Y		Y
S_4482d2bc	1	2	Bulking Material				JM	Fine Grained Sawdust		2021-09-15																									Y			Y
S_f2979533	1	3	Bulking Material				JM	Fine Grained Sawdust		2021-09-10																									Y			Y
S_355cbba7	1	4	Inside Toilet Pre Use				JM			2021-08-24																							Clean; not used for 5 years previously		Y			Y
S_de8f6a92	1	5	Soil Nearby Toilet				JM			2021-08-20																									Y			Y
S_52f2a5eb	1	6	Other Controls				JM			2021-10-04																									Y			
S_6c055796	1	7	Human Excrement				JM			2021-08-24																									Y	Y		Y
S_1ce93c87	1	8	Human Excrement				JM			2021-09-03																									Y	Y		Y
S_f88c3e66	1	9	Human Excrement				JM			2021-09-08																									Y	Y		Y
S_bcfdfab6	1	10	Human Excrement				JM			2021-09-15																									Y	Y		Y
S_1c9d1ab0	1	11	Human Excrement Compost Pre-Roll				JM		1	2021-10-04	Fall	1	15.2	14.8	15	5.35	1.35	4	water droplets on the inside of the lid observable through the top of the lid	small black flies; white larvae	straw; fine grained sawdust	19.9	45.4	3					N			9.5			Y			
S_772b5c41	1	12	Human Excrement Compost				JM		1	2021-10-04	Fall	1	16.9	16.7	16.8	5.35	1.35	4	water droplets on the inside of the lid observable through the top of the lid	small black flies; white larvae	straw; fine grained sawdust	19.5	34.4	3					N			9.5	Mixing appears to be effective		Y	Y		Y
S_3ec3c78c	1	13	Human Excrement Compost Pre-Roll				JM		2	2021-10-07	Fall	2	13.4	13.9	13.65	5.15	1.35	3.8	small black flies; white larvae  clustered around location 1 bucket;  white larvae  visible at location 6	large black flies	straw; fine grained sawdust	17	64	4					N			9.5			Y			
S_f48dce8e	1	14	Human Excrement Compost				JM		2	2021-10-07	Fall	2	13.9	12.8	13.35	5.15	1.35	3.8	small black flies and white larvae  clustered around location 1 bucket; white larvae  visible at location 7	small black flies	compact fine grained sawdust	17.3	58	2					Y	brown pupa; small black fly	3; 1	9.75	Mixing appears to be effective		Y		Y	
S_7c46c840	1	15	Human Excrement Compost Pre-Roll				JM		3	2021-10-13	Fall	3	18.6	8.6	13.6	5.1	1.35	3.75	small black flies and white larvae  clustered around location 1 bucket; white larvae  visible at location 6	small black flies; large black flies	fine grained sawdust	11.3	92	7					Y	large dead black fly; black beetle	3; 2	9			Y			
S_e706dd01	1	16	Human Excrement Compost				JM		3	2021-10-13	Fall	3	13.7	9.9	11.8	5.1	1.35	3.75	small black flies; white larvae clustered around location 1 bucket; white larvae visible at location 7	small black flies	fine grained sawdust; small air pocket	11.1	53	4					Y	brown pupa; small black fly	3; 1	9	Mixing appears to be effective		Y			Y
S_b1e34ca3	1	17	Human Excrement Compost Pre-Roll				JM		4	2021-10-21	Fall	4	19.2	15.2	17.2	5.2	1.35	3.85	manYsmall dead black flies on crate floor and on buckets	large dead flies; small black flies	fine grained sawdust; straw	10.6	86	2.2					N			7.5			Y			
S_ccbfb567	1	18	Human Excrement Compost				JM		4	2021-10-21	Fall	4	16.5	17.3	16.9	5.2	1.35	3.85	manYsmall dead black flies on crate floor and on buckets	large dead flies; small black flies	fine grained sawdust; straw	13.5	52	3.3					Y	brown pupa; small black flies	3; 1	8	Mixing appears to be effective		Y		Y	
S_10839ec1	1	19	Human Excrement Compost Pre-Roll				JM		5	2021-10-28	Fall	5	19.5	12	15.75	5.1	1.35	3.75	small dead black flies on crate floor; small dead black flies on bucket	large dead flies; small black flies	straw; large air pocket	13.7	63	1.6					N			8	Soil moisture probe broken		Y			
S_600569a7	1	20	Human Excrement Compost				JM		5	2021-10-28	Fall	5	17	19	18	5.1	1.35	3.75	small dead black flies on crate floor; small dead black flies on bucket	large dead flies; small black flies	straw; large air pocket; slight compaction	13.9		1.7					N			7	Soil moisture probe broken		Y			Y
S_18ee67fd	1	21	Human Excrement Compost Pre-Roll				JM		6	2021-11-04	Fall	6	15.5	11	13.25	5.1	1.35	3.75	small dead black flies on crate floor; small dead black flies on bucket	large dead flies; small black flies	straw; small air pocket; slight compaction	11.7		1.8					N			7	Soil moisture probe broken. Started taking access port images; bucket images; and vent tube deep		Y			
S_b0d60bcd	1	22	Human Excrement Compost				JM		6	2021-11-04	Fall	6	13.5	13	13.25	5.1	1.35	3.75	small dead black flies on crate floor; small dead black flies on bucket	large dead flies; small black flies	fine grained sawdust; straw	11.6		1.9					N			7	Soil moisture probe broken. Started taking access port images; bucket images; and vent tube deep		Y		Y	
S_1c7376f1	1	23	Human Excrement Compost Pre-Roll				JM		7	2021-11-11	Fall	7	19	12	15.5	5.1	1.35	3.75	living flies on bucket; small dead black flies	large dead flies; living black flies	straw	11.7	12	2					N			7			Y			
S_b9f1a9d7	1	24	Human Excrement Compost				JM		7	2021-11-11	Fall	7	16	17	16.5	5.1	1.35	3.75	living flies on bucket; small dead black flies	large dead flies; living black flies	large air pocket; straw	12.8	9	2.3					Y	brown pupa	3	7			Y			Y
S_71e19b3f	1	25	Human Excrement Compost Pre-Roll				JM		8	2021-11-18	Fall	8	13	11	12	5	1.35	3.65		large dead flies	large air pocket; straw	10.3	70	2.4					N			7			Y			
S_10583739	1	26	Human Excrement Compost				JM		8	2021-11-18	Fall	8	16	11	13.5	5	1.35	3.65			large air pocket; straw	10	57	2					N			7			Y		Y	
S_07717ac5	1	27	Human Excrement Compost Pre-Roll				JM		9	2021-11-24		9	11	11	11	5.1	1.35	3.75		fine grained sawdust; small black flies	small air pocket; straw	11.4		2.1					N			6.4	Changed pH paper to Hydrion		Y			
S_3983043e	1	28	Human Excrement Compost				JM		9	2021-11-24		9	13	11	12	5.1	1.35	3.75		fine grained sawdust; small black flies	small air pocket; straw	11.4		1.8					N			6			Y			Y
S_7597783b	1	29	Human Excrement Compost Pre-Roll				JM		10	2021-12-02		10	13	11	12	5.1	1.35	3.75		fine grained sawdust; small black flies	small air pocket; straw	9.6	63	2					N			5.2			Y			
S_a6bfb7f3	1	30	Human Excrement Compost				JM		10	2021-12-02		10	12	11	11.5	5.1	1.35	3.75		fine grained sawdust; small black flies	small air pocket; straw	10.1	46	2					Y	white larva	3	5	Decomposition appears to be happening. These samples have smaller and darker pieces of straw. 1 white larva		Y		Y	
S_160603ff	1	31	Human Excrement Compost Pre-Roll				JM		11	2021-12-09		11	11.5	10	10.75	5	1.35	3.65		fine grained sawdust	small air pocket; straw	11		1.9					N			6			Y			
S_21efab81	1	32	Human Excrement Compost				JM		11	2021-12-09		11	11	10	10.5	5	1.35	3.65		fine grained sawdust	small air pocket; straw	11.1		2.1					N			5.5			Y			Y
S_9f9d2f0b	1	33	Human Excrement Compost Pre-Roll				JM		12	2021-12-16		12	9	7	8	5	1.35	3.65		large black flies; fine grained sawdust	straw	8.9	50	2.2					N			5.5			Y			
S_fbbd6534	1	34	Human Excrement Compost				JM		12	2021-12-16		12	9.5	6	7.75	5	1.35	3.65		large black flies; fine grained sawdust	straw	8.7	40	2.2					Y	brown pupae	3	5.5			Y		Y	
S_c8a6a2b8	1	35	Human Excrement Compost Pre-Roll				JM		12	2021-12-23		13	11.5	10	10.75	4.9	1.35	3.55		dried brown liquid; fine grained sawdust	straw; fine grained sawdust; small air pockets	11.5	34	2.2					N			5.8			Y			
S_ad2c769a	1	36	Human Excrement Compost				JM		13	2021-12-23		13	12	11	11.5	4.9	1.35	3.55		dried brown liquid; fine grained sawdust	straw; fine grained sawdust; small air pockets	11.5	44	2.1					N			5.8			Y			Y
S_dd8d0a2e	1	37	Human Excrement Compost Pre-Roll				JM		14	2021-12-30		14	8	8	8	5	1.35	3.65		dried brown liquid; fine grained sawdust	straw; fine grained sawdust; small air pockets	8.9	73	1.9					N			6			Y			
S_be34ec8f	1	38	Human Excrement Compost				JM		14	2021-12-30		14	8	8	8	5	1.35	3.65		dried brown liquid; fine grained sawdust	straw; fine grained sawdust; small air pockets	8.6	54	2.1					Y	unidentified organism	10	6			Y		Y	
S_091cbf06	1	39	Human Excrement Compost Pre-Roll				JM		15	2022-01-06		15	11	10	10.5	5	1.35	3.65		fine grained sawdust; large black fly	straw; fine grained sawdust	9.3	65	2.2					N			5.8			Y			
S_08a10d08	1	40	Human Excrement Compost				JM		15	2022-01-06		15	11	11	11	5	1.35	3.65		fine grained sawdust; large black fly	straw; fine grained sawdust	10	67	2					N			5.8			Y			Y
S_4fdf0f24	1	41	Human Excrement Compost Pre-Roll				JM		16	2022-01-13		16	10	10	10	4.9	1.35	3.55		fine grained sawdust; large black fly	straw; fine grained sawdust	9.4	59	2.1					N			5.8			Y			
S_23d304d9	1	42	Human Excrement Compost				JM		16	2022-01-13		16	11	10	10.5	4.9	1.35	3.55		fine grained sawdust; large black fly	straw; fine grained sawdust	9.3	42	2					N			5.5			Y		Y	
S_1b141933	1	43	Human Excrement Compost Pre-Roll				JM		17	2022-01-20		17	10.5	9	9.75	4.9	1.35	3.55		fine grained sawdust; large black fly	straw; feces; fine grained sawdust	9.4	53	2					N			5.5			Y			
S_57363d31	1	44	Human Excrement Compost				JM		17	2022-01-20		17	11	10	10.5	4.9	1.35	3.55		fine grained sawdust; large black fly	straw; fine grained sawdust	9.1	38	2.3					N			5.5			Y			Y
S_80047213	1	45	Human Excrement Compost Pre-Roll				JM		18	2022-01-27		18	10.5	11	10.75	5	1.35	3.65		fine grained sawdust	fine grained sawdust; straw	8.8	35	2					N			5.8			Y			
S_91ca943b	1	46	Human Excrement Compost				JM		18	2022-01-27		18	11	10	10.5	5	1.35	3.65		fine grained sawdust	fine grained sawdust; straw	9.8	62	2					N			5.8			Y	Y	Y	
S_954ce831	1	47	Human Excrement Compost Pre-Roll				JM		19	2022-02-03		19	9	7	8	4.9	1.35	3.55		straw	straw	7.5	75	2					N			6			Y			
S_bf42ed51	1	48	Human Excrement Compost				JM		19	2022-02-03		19	9	7	8	4.9	1.35	3.55		straw	straw	7.8	51	2					N			5.8			Y			Y
S_3480f3ba	1	49	Human Excrement Compost Pre-Roll				LW		20	2022-02-10		20	10	9	9.5	4.8	1.35	3.45		straw	straw	9.1		2					N			6	Broken moisture probe; air pocket		Y			
S_1a0c0f7f	1	50	Human Excrement Compost				LW		20	2022-02-10		20				4.8	1.35	3.45		straw	straw; toilet paper	8.7		2					N			5.8	Broken moisture probe; air pocket		Y		Y	
S_53f9bb55	1	51	Human Excrement Compost Pre-Roll				JM		21	2022-02-17		1	10	9	9.5	4.9	1.35	3.55		fine grained sawdust; dried brown residue; 1 black fly	straw; fine grained sawdust	8.9	44	2					N			5.5			Y			
S_aa4dade6	1	52	Human Excrement Compost				JM		21	2022-02-17		1	10	9	9.5	4.9	1.35	3.55		fine grained sawdust; dried brown residue; 1 black fly	straw; fine grained sawdust	8.9	51	2					N			5.8			Y			Y
S_a12e8577	1	53	Human Excrement Compost Pre-Roll				JM		22	2022-02-24		2	13	12	12.5	4.9	1.35	3.55	small dead black flies	fine grained sawdust; dried brown residue; 1 large black fly	straw; fine grained sawdust; feces	9.1	41	2					N			5.8	Decomposition of straw is evident		Y			
S_ee2cdea2	1	54	Human Excrement Compost				JM		22	2022-02-24		2	13	12	12.5	4.9	1.35	3.55		fine grained sawdust; dried brown residue; 1 large black fly	straw; fine grained sawdust; feces	10.5	55	2					N			5.8			Y		Y	
S_479c0228-1	1	55	Human Excrement Compost Pre-Roll				JM		23	2022-03-03		3	15	14	14.5	4.9	1.35	3.55	small dead black flies	fine grained sawdust; brown residue	straw; fine grained sawdust	10.1	28	2					N			5.8			Y			
S_479c0228-2	1	55	Human Excrement Compost Pre-Roll				JM		23	2022-03-03		3	15	14	14.5	4.9	1.35	3.55	small dead black flies	fine grained sawdust; brown residue	straw; fine grained sawdust	10.1	28	2					N			5.8			Y			
S_d99722f2	1	56	Human Excrement Compost				JM		23	2022-03-03		3				4.9	1.35	3.55		fine grained sawdust; brown residue	straw; fine grained sawdust	10.8	45	2					N			5.8			Y			Y
S_d99722f2-X2	1	56	Human Excrement Compost				JM		23	2022-03-03		3				4.9	1.35	3.55		fine grained sawdust; brown residue	straw; fine grained sawdust	10.8	45	2					N			5.8			Y		Y	
S_bc30d985-1	1	57	Human Excrement Compost Pre-Roll				TL		24	2022-03-08		4	10	10	10	4.8	1.35	3.45	small dead black flies	brown residue; small live black fly	straw; fine grained sawdust	9.3	61	2					Y	brown pupae	5	6			Y			
S_bc30d985-2	1	57	Human Excrement Compost Pre-Roll				TL		24	2022-03-08		4	10	10	10	4.8	1.35	3.45	small dead black flies	brown residue; small live black fly	straw; fine grained sawdust	9.3	61	2					Y	brown pupae	5	6			Y			
S_8bf744cb	1	58	Human Excrement Compost				TL		24	2022-03-08		4	11	10	10.5	4.8	1.35	3.45		brown residue; small live black fly	straw; fine grained sawdust	10.1	45	2					N			5.8			Y			
S_8bf744cb-X2	1	58	Human Excrement Compost				TL		24	2022-03-08		4	11	10	10.5	4.8	1.35	3.45		brown residue; small live black fly	straw; fine grained sawdust	10.1	45	2					N			5.8			Y		Y	
S_97c40c09-2	1	59	Human Excrement Compost Pre-Roll				TL		25	2022-03-24		4	11	13	12	4.8	1.35	3.45	small dead black flies	brown residue	straw; fine grained sawdust	10.3	55	2					N			5.8			Y			
S_97c4ac09-1	1	59	Human Excrement Compost Pre-Roll				TL		25	2022-03-24		4	11	13	12	4.8	1.35	3.45	small dead black flies	brown residue	straw; fine grained sawdust	10.3	55	2					N			5.8			Y			
S_804ba3e0	1	60	Human Excrement Compost				TL		25	2022-03-24		4	11.5	13	12.25	4.8	1.35	3.45		brown residue	straw; fine grained sawdust	10.5	46	2					Y	brown pupae	5	5.8			Y			Y
S_804ba3e0-X2	1	60	Human Excrement Compost				TL		25	2022-03-24		4	11.5	13	12.25	4.8	1.35	3.45		brown residue	straw; fine grained sawdust	10.5	46	2					Y	brown pupae	5	5.8			Y			
S_78ed96be-1	1	61	Human Excrement Compost Pre-Roll				TL		26	2022-03-31		5	17	18	17.5	4.8	1.35	3.45	small dead black flies	sawdust; brown residue	straw; fine grained sawdust; large airpocket	11.4	47	2					N			5.8			Y			
S_78ed96be-2	1	61	Human Excrement Compost Pre-Roll				TL		26	2022-03-31		5	17	18	17.5	4.8	1.35	3.45	small dead black flies	sawdust; brown residue	straw; fine grained sawdust; large airpocket	11.4	47	2					N			5.8			Y			
S_54e50c47	1	62	Human Excrement Compost				TL		26	2022-03-31		5	14.5	15	14.75	4.8	1.35	3.45		sawdust; brown residue	straw; fine grained sawdust; feces	11.2	55	2					N			5.8			Y		Y	
S_54e50c47-X2	1	62	Human Excrement Compost				TL		26	2022-03-31		5	14.5	15	14.75	4.8	1.35	3.45		sawdust; brown residue	straw; fine grained sawdust; feces	11.2	55	2					N			5.8			Y			
S_4f9c40bf	1	63	Human Excrement Compost Pre-Roll				TL		27	2022-04-07		6	20	21	20.5	4.7	1.35	3.35	small dead flies	sawdust; brown residue	straw; fine grained sawdust; air pocket	12.5	50	2					Y	brown pupae	5	6			Y			
S_88b521dc	1	64	Human Excrement Compost				TL		27	2022-04-07		6	14.5	15	14.75	4.7	1.35	3.35		sawdust; brown residue	straw; fine grained sawdust; air pocket	12.2	46	2					N			5.8			Y			Y
S_ef8dfaa4	1	65	Human Excrement Compost Pre-Roll				JM		28	2022-04-14		7	15.5	16	15.75	4.8	1.35	3.45		sawdust; brown residue	straw; fine grained sawdust	10.9	78	2					N			5.8			Y			
S_43139e8d	1	66	Human Excrement Compost				JM		28	2022-04-14		7	15.5	15	15.25	4.8	1.35	3.45		sawdust; brown residue	straw; fine grained sawdust	10.7	82	2					N			5.8			Y		Y	
S_4d702a11	1	67	Human Excrement Compost Pre-Roll				TL		29	2022-04-21		8	22	22	22	4.7	1.35	3.35		sawdust; brown residue	sawdust	12.9	68	2					N			5.8			Y			
S_57d498a9	1	68	Human Excrement Compost				TL		29	2022-04-21		8	16	17	16.5	4.7	1.35	3.35		sawdust; brown residue	sawdust	12.5	100	2					N			5.8			Y			Y
S_13d36a09	1	69	Human Excrement Compost Pre-Roll				TL		30	2022-04-28		9	23.5	22	22.75	4.8	1.35	3.45	Small black dead flies	sawdust	sawdust	10.8	77	2					N			4.8			Y			
S_df938977	1	70	Human Excrement Compost				TL		30	2022-04-28		9	15.5	16	15.75	4.8	1.35	3.45		sawdust	sawdust	10.9	78	2					N			4.8			Y		Y	
S_615c498b	1	71	Human Excrement Compost Pre-Roll				ST		31	2022-05-05		10	21	22	21.5	4.7	1.35	3.35	small dead black flies	sawdust	large air pocket, sawdust, live small black fly	10.2	41	2					N			5						
S_4b10351e	1	72	Human Excrement Compost				ST		31	2022-05-05		10	15	15	15	4.7	1.35	3.35		sawdust	sawdust	11.2	37	2					Y	small black fly	1	5			Y			Y
S_5185a4ec	1	73	Human Excrement Compost Pre-Roll				ST		32	2022-05-12		11	12	12	12	4.6	1.35	3.25	small dead black flies	sawdust; live black flies	large air pocket; sawdust; feces	9.8	52	2					N			5						
S_d7cfade5	1	74	Human Excrement Compost				ST		32	2022-05-12		11	11	11	11	4.6	1.35	3.25		sawdust; live black flies	sawdust, feces	10.1	55	2					N			5			Y		Y	
S_d3079d55	1	75	Human Excrement Compost Pre-Roll				ST		33	2022-05-19		12	17.5	16	16.75	4.7	1.35	3.35	small dead black flies	sawdust; brown residue	straw; sawdust; feces	13.8	52	2					N			5						
S_569d1235	1	76	Human Excrement Compost				ST		33	2022-05-19		12	14	14	14	4.7	1.35	3.35		sawdust; brown residue	straw; sawdust; feces	13.7	53	2					N			5			Y			Y
S_0dfcf380	1	77	Human Excrement Compost Pre-Roll				ST		34	2022-05-26		13	16.5	16	16.25	4.6	1.35	3.25		sawdust	straw; sawdust; feces	13.9	81	2					N			5						
S_fe49c668	1	78	Human Excrement Compost				ST		34	2022-05-26		13	17.5	16	16.75	4.6	1.35	3.25		sawdust	straw; sawdust; feces	14.5	100	2					N			5			Y		Y	
S_7f3f0938	1	79	Human Excrement Compost Pre-Roll				ST		35	2022-06-02		14	16.5	16	16.25	4.7	1.35	3.35	small dead black flies	sawdust; brown residue	air pocket; straw; sawdust; feces	13.6	52	2					N			5						
S_707fc600	1	80	Human Excrement Compost				ST		35	2022-06-02		14	16	16	16	4.7	1.35	3.35		sawdust; brown residue	air pocket; straw; sawdust; feces	14.1	27	2					N			5			Y	Y		Y
S_01844c14	1	81	Human Excrement Compost Pre-Roll				ST		36	2022-06-09		15	20	21	20.5	4.6	1.35	3.25	small dead black flies	sawdust; brown residue; live black flies	straw; sawdust; feces	16.6	83	2					N			5						
S_766a6fd3	1	82	Human Excrement Compost				ST		36	2022-06-09		15	21.5	20	20.75	4.6	1.35	3.25		sawdust; brown residue; live black flies	straw; sawdust; feces	17.7	100	2					N			5			Y		Y	
S_6609c390	1	83	Human Excrement Compost Pre-Roll				ST		37	2022-06-16		16	29	31	30	4.6	1.35	3.25		sawdust; brown residue	straw; sawdust; feces; air pocket	16.6	100	2					N			5						
S_9f026ebd	1	84	Human Excrement Compost				ST		37	2022-06-16		16	25	25	25	4.6	1.35	3.25		sawdust; brown residue	straw; sawdust; feces; air pocket	18.1	100	2					N			5			Y			Y
S_17d49ca5	1	85	Human Excrement Compost Pre-Roll				ST		38	2022-06-23		17	21	21	21	4.6	1.35	3.25		sawdust; brown residue; live black flies	straw; sawdust; feces; air pocket; brown larva	15.7	70	2					Y	brown pupae	5	4						
S_0d880a4e	1	86	Human Excrement Compost				ST		38	2022-06-23		17	22.5	21	21.75	4.6	1.35	3.25		sawdust; brown residue	straw; sawdust; feces; air pocket	17.9	71	2					Y	brown pupae	5	4			Y		Y	
S_ee26234e	1	87	Human Excrement Compost Pre-Roll				ST		39	2022-06-30		18																										
S_35e6158b	1	88	Human Excrement Compost				ST		39	2022-06-30		18	18.5	19	18.75	4.6	1.35	3.25		sawdust; brown residue	straw; sawdust; feces; air pocket	17.6	62	2					Y	brown pupae	5	4			Y			Y
S_4c670d4c	1	89	Human Excrement Compost Pre-Roll				JM		40			19																										
S_7ae67d3b	1	90	Human Excrement Compost				ST		40	2022-07-07		19	26	19	22.5	4.6	1.35	3.25	fly tape residue	sawdust; brown residue	straw; sawdust; feces; air pocket	17.4	51	2					N			5			Y		Y	
S_d7293436	1	91	Human Excrement Compost Pre-Roll				JM		41			20																										
S_74b5cb3c	1	92	Human Excrement Compost				ST		41	2022-07-14		20	23.5	24	23.75	4.4	1.35	3.05	fly tape residue	sawdust; brown residue	straw; sawdust; feces; large air pocket	20.7	65	2					Y	brown pupa	5	4	changed 74b5c63c to 74b5cb3c 1.13.23		Y			Y
S_96b97f6c	1	94	Human Excrement Compost				ST		42	2022-07-21		1	18	18	18	4.5	1.35	3.15	fly tape residue	sawdust; brown residue	straw; sawdust; feces; large air pocket	17.8	67	2					N			4.5			Y		Y	
S_4b575043	1	96	Human Excrement Compost				ST		43	2022-07-28		2	19	20	19.5	4.5	1.35	3.15	fly tape residue	sawdust; brown residue	straw; sawdust; feces; large air pocket	17.7	84	2					N			4.5			Y			Y
S_fd4e0e08	1	98	Human Excrement Compost				ST		44	2022-08-04		3	18	18	18	4.5	1.35	3.15	fly tape residue	sawdust; brown residue	straw; sawdust; feces; large air pocket	17.8	79	2					N			4.5			Y		Y	
S_3827fa68	1	100	Human Excrement Compost				ST		45	2022-08-11		4	18.5	19	18.75	4.5	1.35	3.15	fly tape residue	sawdust; brown residue	straw; sawdust; feces; large air pocket	16.9	80	2					N			4.5			Y			Y
S_3734301d	1	102	Human Excrement Compost				JM		46	2022-08-18		5	20.5	21	20.75	4.5	1.35	3.15	fly tape residue	sawdust; brown residue	straw; sawdust; feces; large air pocket	16.9	88	2					N			4.5			Y		Y	
S_1faeaab8	1	104	Human Excrement Compost				ST		47	2022-08-25		6	17.5	18	17.75	4.5	1.35	3.15	fly tape residue	sawdust; brown residue	straw; sawdust; feces	17	64	2					N			4.5			Y			Y
S_ec4739c31	1	106	Human Excrement Compost				KVO		48	2022-09-01		7	20.5	21	20.75	4.5	1.35	3.15	fly tape residue	sawdust; brown residue	straw; sawdust	16.1	66	2					N			4.5	changed ec4739c3 to ec4739c31 1.14.23 due to extra letter		Y		Y	
S_7033a672	1	108	Human Excrement Compost				KVO		49	2022-09-08		8	20	20	20	4.4	1.35	3.05	fly tape residue	sawdust; brown residue	straw: sawdust	16.3	79	2					N			4.5			Y			Y
S_b87b9e91	1	110	Human Excrement Compost				KVO		50	2022-09-14		9	17	18	17.5	4.4	1.35	3.05	fly tape residue: flies	sawdust; brown residue	straw: sawdust; feces	14.2	81	2					N			4.5			Y		Y	
S_b913c396	1	112	Human Excrement Compost				KVO		51	2022-09-22		10	18	18	18	4.4	1.35	3.05	fly tape residue; flies	sawdust; brown residue	straw: sawdust	16.3	90	2					N			4.5			Y			Y
S_28e8fe8c	1	114	Human Excrement Compost				KVO		52	2022-09-29		11	14.5	15	14.75	4.4	1.35	3.05	fly tape residue	sawdust; brown residue	straw; sawdust	13.7	83	2					N			4.5			Y	Y	Y	
S_c73399d9	1		Human Excrement Compost				PI			2023-08-03		12	20	20	20	4.2	1.35	2.85		straw	straw	15.5	85	2					N			5	Samples collected; DNA not extracted					
S_37a0dab4	2	1	Bulking Material				Participant	Fine Grained Sawdust		2021-09-28																									Y	Y		Y
S_c8a0b7a4	2	2	Inside Toilet Pre Use				Participant			2021-08-20																									Y			Y
S_48bb98a3	2	3	Soil Nearby Toilet				Participant			2021-08-20																									Y			Y
S_606a52cd	2	4	Human Excrement				Participant			2021-09-28																									Y	Y		Y
S_1d93cc7a	2	5	Human Excrement				Participant			2021-10-05																									Y	Y		Y
S_d786fc27	2	6	Human Excrement				Participant			2021-10-12																									Y	Y		Y
S_08e1628a	2	7	Human Excrement Compost Pre-Roll				JM		1	2021-10-21	Fall	3	18.9	19.3	19.1	5.1	1.35	3.75		fine grained sawdust	fine grained sawdust	11.4	68	2.1					N			8.5						
S_9c1cab57	2	8	Human Excrement Compost				JM		1	2021-10-21	Fall	3	18.6	20.3	19.45	5.1	1.35	3.75		fine grained sawdust	fine grained sawdust	12.1	34	2.3					N			7.5	Sawdust comes out of vent tube during rolling		Y	Y		Y
S_3aabd4ea	2	9	Human Excrement Compost Pre-Roll				JM		2	2021-10-28	Fall	4	23	21	22	5.2	1.35	3.85		fine grained sawdust	fine grained sawdust; toilet paper	15.5		2.3					N			7.5	Soil moisture probe broken					
S_d01b903a	2	10	Human Excrement Compost				JM		2	2021-10-28	Fall	4	24	23	23.5	5.2	1.35	3.85		fine grained sawdust	fine grained sawdust; toilet paper	19.3		1.6					N			8	Soil moisture probe broken		Y		Y	
S_6cb63903	2	11	Human Excrement Compost Pre-Roll				JM		3	2021-11-04	Fall	5	14	12	13	5.1	1.35	3.75		fine grained sawdust	fine grained sawdust	12.9		2.2					N			7.5	Soil moisture probe broken. Started taking access port images; bucket images; and vent tube deep					
S_efb6e8cc	2	12	Human Excrement Compost				JM		3	2021-11-04	Fall	5	14	12	13	5.1	1.35	3.75		fine grained sawdust	fine grained sawdust	13		1.9					N			7.5	Soil moisture probe broken. Started taking access port images; bucket images; and vent tube deep		Y			Y
S_8fcd06e3	2	13	Human Excrement Compost Pre-Roll				JM		4	2021-11-11	Fall	6	17	17	17	5.1	1.35	3.75		fine grained sawdust	fine grained sawdust	13	42	2.3					N			8						
S_f853855f	2	14	Human Excrement Compost				JM		4	2021-11-11	Fall	6	17	17	17	5.1	1.35	3.75		fine grained sawdust	fine grained sawdust	13.8	55	1.9					N			8.5			Y		Y	
S_b24add5f	2	15	Human Excrement Compost Pre-Roll				JM		5	2021-11-18	Fall	7	13	11	12	5.1	1.35	3.75		fine grained sawdust	fluid; fine grained sawdust	12.6	81	1.9					N			7.2	Added 100 mL Invitrogen ultra pure distilled water					
S_5db542ec	2	16	Added water				JM		5	2021-11-18	Fall																											
S_d643dafd	2	17	Human Excrement Compost				JM		5	2021-11-18	Fall	7	14	12	13	5.1	1.35	3.75		fine grained sawdust	fluid; fine grained sawdust	11.2	34	2					N			8.2			Y			Y
S_99ff75be	2	18	Human Excrement Compost Pre-Roll				JM		6	2021-11-24	Fall	8	12.5	12	12.25	5.2	1.35	3.85		fine grained sawdust; small black flies	fine grained sawdust	13.4	84	2					N			6.2	Changed pH paper to Hydrion					
S_aeed4c30	2	19	Human Excrement Compost				JM		6	2021-11-24	Fall	8	12	12	12	5.2	1.35	3.85		fine grained sawdust in vent tube; small black flies	compacted fine grained sawdust	13.1	62	2.2					N			6	Added 50 mL Invitrogen ultra pure distilled water		Y		Y	
S_2b0f470d	2	20	Added water				JM		6	2021-11-24	Fall																											
S_1a98712a	2	21	Human Excrement Compost Pre-Roll				JM		7	2021-12-02	Fall	9	13	12	12.5	5.2	1.35	3.85		fine grained sawdust; small black flies	compacted fine grained sawdust	11.8	75	2					N			6.2	Water appears to have increased water woisture and samples are a bit darker…maybe water or increased decomposition					
S_22b5ae53	2	22	Human Excrement Compost				JM		7	2021-12-02	Fall	9	13	12	12.5	5.2	1.35	3.85		fine grained sawdust; small black flies	loose fine grained sawdust	11	45	2					N			6	Added 50 mL Invitrogen ultra pure distilled water		Y			Y
S_91d3d379	2	23	Added water				JM		7	2021-12-02	Fall																											
S_2f2448db	2	24	Human Excrement Compost Pre-Roll				JM		8	2021-12-09	Fall	10	11	11	11	5.3	1.35	3.95	small dead black flies on lid	fine grained sawdust; small black flies	fine grained sawdust	11.5		1.8					N			6	Water appears to have increased water woisture and samples are a bit darker…maybe water or increased decomposition					
S_05a6a3d1	2	25	Human Excrement Compost				JM		8	2021-12-09	Fall	10	11	11	11	5.3	1.35	3.95		fine grained sawdust; small black flies	fine grained sawdust	11.3		1.9					N			6			Y		Y	
S_12e0a918	2	26	Human Excrement Compost Pre-Roll				JM		9	2021-12-16		11	8.5	6	7.25	5.2	1.35	3.85		fine grained sawdust; large black flies	fine grained sawdust	9.5	62	2.2					N			6						
S_cdcd7ab9	2	27	Human Excrement Compost				JM		9	2021-12-16		11	8.5	6	7.25	5.2	1.35	3.85		fine grained sawdust; large black flies	fine grained sawdust	9.4	46	2					N			6			Y			Y
S_5a49476c	2	28	Human Excrement Compost Pre-Roll				JM		10	2021-12-23		12	13	12	12.5	5.1	1.35	3.75		fine grained sawdust; large black flies	fine grained sawdust	12.2	63	2					N			7.4						
S_5871ad6c	2	29	Human Excrement Compost				JM		10	2021-12-23		12	14	12	13	5.1	1.35	3.75		fine grained sawdust; large black flies	fine grained sawdust	12.2	72	2.2					N			7			Y		Y	
S_1a8ab82e	2	30	Human Excrement Compost Pre-Roll				JM		11	2021-12-30		13	9	8	8.5	5.2	1.35	3.85		fine grained sawdust	fine grained sawdust	9.6	53	2.2					N			6.2						
S_907d5881	2	31	Human Excrement Compost				JM		11	2021-12-30		13	9	9	9	5.2	1.35	3.85		fine grained sawdust	fine grained sawdust	9.1	51	2.2					N			6.2	Added 100 mL Invitrogen ultra pure distilled water		Y			Y
S_17bb2118	2	32	Added water				JM		11	2021-12-30																												
S_1449cfe0	2	33	Human Excrement Compost Pre-Roll				JM		12	2022-01-06		14	12	11	11.5	5.3	1.35	3.95		fine grained sawdust	fine grained sawdust	10.7	44	2					N			6.2	Added 100 mL Invitrogen ultra pure distilled water					
S_aad43b34	2	34	Added water				JM		12	2022-01-06																												
S_21bb213b	2	35	Human Excrement Compost				JM		12	2022-01-06		14	12	11	11.5	5.4	1.35	4.05		fine grained sawdust	fine grained sawdust	10.4	72	2					N			6.2			Y		Y	
S_3306b2fb	2	36	Human Excrement Compost Pre-Roll				JM		13	2022-01-13		15	11	11	11	5.4	1.35	4.05		fine grained sawdust; large black flies	fine grained sawdust	9.7	74	2					N			6.4	Added 100 mL Invitrogen ultra pure distilled water					
S_ba7a6533	2	37	Added water				JM		13	2022-01-13																												
S_9c0f8e91	2	38	Human Excrement Compost				JM		13	2022-01-13		15	11	11	11	5.4	1.35	4.05		fine grained sawdust; large black flies	fine grained sawdust	9.8	55	2.9					N			6.4			Y			Y
S_ff6b9a06	2	39	Human Excrement Compost Pre-Roll				JM		14	2022-01-20		16	11	10	10.5	5.5	1.35	4.15		fine grained sawdust	fine grained sawdust	10	45	2					N			5	Added 100 mL Invitrogen ultra pure distilled water					
S_567dec6e	2	40	Added water				JM		14	2022-01-20		16																										
S_b4c37d38	2	41	Human Excrement Compost				JM		14	2022-01-20		16	11	11	11	5.5	1.35	4.15		fine grained sawdust	fine grained sawdust	9.7	42	2					N			5			Y		Y	
S_340dd043	2	42	Human Excrement Compost Pre-Roll				JM		15	2022-01-27		17	9	9	9	5.5	1.35	4.15		fine grained sawdust; small black flies	fine grained sawdust	9.6	64	2					N			6.2						
S_839d32ba	2	43	Human Excrement Compost				JM		15	2022-01-27		17	10	10	10	5.5	1.35	4.15		fine grained sawdust; small black flies	fine grained sawdust	9.4	55	2					N			6.2			Y			Y
S_64c3adb2	2	44	Human Excrement Compost Pre-Roll				JM		16	2022-02-03		18	9.5	8	8.75	5.5	1.35	4.15		fine grained sawdust; small black flies	fine grained sawdust	8	68	2					N			6.2						
S_2684b236	2	45	Human Excrement Compost				JM		16	2022-02-03		18	9	8	8.5	5.5	1.35	4.15		fine grained sawdust; small black flies	fine grained sawdust	7.9	58	2					N			6.2			Y		Y	
S_7643d549	2	46	Human Excrement Compost Pre-Roll				LW		17	2022-02-10		19	11.5	11	11.25	5.5	1.35	4.15		fine grained sawdust; small black flies	fine grained sawdust; small black flies	9.4		2					Y	small live black flies	5	6						
S_1b440754	2	47	Human Excrement Compost				LW		17	2022-02-10		19	10.5	10	10.25	5.5	1.35	4.15		fine grained sawdust	fine grained sawdust	9.5		2					N			6.2			Y			Y
S_791f9968	2	48	Human Excrement Compost Pre-Roll				JM		18	2022-02-17		20	10	9	9.5	5.5	1.35	4.15	small dead black flies; small live black flies	fine grained sawdust; small black flies	fine grained sawdust; small black flies	9.6	85	2					N			6						
S_fb5c0dc3	2	49	Human Excrement Compost				JM		18	2022-02-17		20	10	9	9.5	5.5	1.35	4.15		fine grained sawdust; small black flies	fine grained sawdust; small black flies	9.3	70	2					N			5.8			Y	Y	Y	
S_2a017ed0	2	50	Human Excrement Compost Pre-Roll				JM		19	2022-02-24		1	12	12	12	5.4	1.35	4.05		fine grained sawdust; small black flies	fine grained sawdust; small black flies	10.9	69	2					Y	small live black flies	5	5.5						
S_57d47c53	2	51	Human Excrement Compost				JM		19	2022-02-24		1	12	12	12	5.4	1.35	4.05		fine grained sawdust; small black flies	fine grained sawdust; small black flies	12.2	69	2					N			5.5			Y			Y
S_4ad4a820	2	52	Human Excrement Compost Pre-Roll				JM		20	2022-03-03		16	14.5	15	14.75	5.4	1.35	4.05		fine grained sawdust	fine grained sawdust	10.2	83	2					N			5.5						
S_64c661b3	2	53	Human Excrement Compost				JM		20	2022-03-03		16	14.5	15	14.75	5.4	1.35	4.05		fine grained sawdust	fine grained sawdust	12	56	2					N			5.5			Y		Y	
S_2028cad4	2	54	Human Excrement Compost Pre-Roll				TL		21	2022-03-08		3	12	11	11.5	5.4	1.35	4.05		fine grained sawdust	fine grained sawdust	9.9	48	2					N			5.8						
S_73e1ca15	2	55	Human Excrement Compost				TL		21	2022-03-08		3	13	12	12.5	5.4	1.35	4.05		fine grained sawdust	fine grained sawdust	11.2	45	2					N			5.8			Y			Y
S_1be09360	2	56	Human Excrement Compost Pre-Roll				TL		22	2022-03-24		3	12	13	12.5	5.4	1.35	4.05	small dead black flies	fine grained sawdust; small live black flies	live black flies; fine grained sawdust	10.8	80	2					Y	small live black flies	5	5.5						
S_0d61d9d4	2	57	Human Excrement Compost				TL		22	2022-03-04		3	12.5	13	12.75	5.4	1.35	4.05		fine grained sawdust; small live black flies	fine grained sawdust	11	52	2					N			5.5			Y		Y	
S_ee145876	2	58	Human Excrement Compost Pre-Roll				TL		23	2022-03-31		4	14	14	14	5.3	1.35	3.95	small dead black flies	fine grained sawdust; small live black fly	fine grained sawdust; small black flies	11.4	55	2					N			5.5						
S_1b3e7e90	2	59	Human Excrement Compost				TL		23	2022-03-31		4	13.5	14	13.75	5.3	1.35	3.95		fine grained sawdust; small live black fly	fine grained sawdust	11.8	58	2					N			5.5			Y			Y
S_b0cf685e	2	60	Human Excrement Compost Pre-Roll				TL		24	2022-04-07		5	15	14	14.5	5.5	1.35	4.15	small dead black flies	fine grained sawdust; small live black fly	fine grained sawdust	12.3	66	2					N			5.5						
S_3f008c70	2	61	Human Excrement Compost				TL		24	2022-04-07		5	17	15	16	5.5	1.35	4.15		fine grained sawdust; small live black fly	fine grained sawdust	13.5	73	2					N			5.5			Y		Y	
S_430fb8a7	2	62	Human Excrement Compost Pre-Roll				JM		25	2022-04-14		6	15.5	15	15.25	5.2	1.35	3.85		fine grained sawdust	fine grained sawdust	11.2	65	2					N			4						
S_4813a981	2	63	Human Excrement Compost				JM		25	2022-04-14		6	15.5	16	15.75	5.2	1.35	3.85		fine grained sawdust; small live black fly	fine grained sawdust	11.3	71	2					N			4			Y			Y
S_ec92bb41	2	64	Human Excrement Compost Pre-Roll				TL		26	2022-04-21		7	15	15	15	5.1	1.35	3.75	small dead flies	fine grained sawdust; live black flies	fine grained sawdust	12.8	78	2					N			4.2						
S_fe78b4c9	2	65	Human Excrement Compost				TL		26	2022-04-21		7	13	13	13	5.1	1.35	3.75		fine grained sawdust; live black flies	fine grained sawdust	12.1	55	2					N			4.2			Y		Y	
S_ce89ba19	2	66	Human Excrement Compost Pre-Roll				ST		27	2022-04-28		8	13	13	13	5.2	1.35	3.85		fine grained sawdust; live black flies	fine grained sawdust; small black flies	10.4	80	2					N			5.5						
S_e8d8cff2	2	67	Human Excrement Compost				ST		27	2022-04-28		8	13	13	13	5.2	1.35	3.85		fine grained sawdust; live black flies	fine grained sawdust	11.3	61	2					N			5.5			Y			Y
S_47e9795d	2	68	Human Excrement Compost Pre-Roll				ST		28	2022-05-05		9	14	13	13.5	5.2	1.35	3.85	dead small black flies	fine grained sawdust	fine grained sawdust	10.4	79	2					N			5						
S_facaa978	2	69	Human Excrement Compost				ST		28	2022-05-05		9	14	14	14	5.2	1.35	3.85		fine grained sawdust	fine grained sawdust	11.5	85	2					N			5			Y		Y	
S_391e4de7	2	70	Human Excrement Compost Pre-Roll				ST		29	2022-05-12		10	11	10	10.5	5.2	1.35	3.85	dead small black flies	fine grained sawdust	fine grained sawdust; feces	10.7	100	2					N			5						
S_957d203c	2	71	Human Excrement Compost				ST		29	2022-05-12		10	10	10	10	5.2	1.35	3.85		fine grained sawdust	fine grained sawdust;feces	9.8	75	2					N			6			Y			Y
S_9f28f6a7	2	72	Human Excrement Compost Pre-Roll				ST		30	2022-05-19		11	14	14	14	5.1	1.35	3.75	dead and live small black flies	fine grained sawdust	fine grained sawdust	14.6	100	2					N			5						
S_65cc8f3c	2	73	Human Excrement Compost				ST		30	2022-05-19		11	15	15	15	5.1	1.35	3.75		fine grained sawdust	fine grained sawdust	14.1	74	2					N			5.5			Y		Y	
S_61f1d894	2	74	Human Excrement Compost Pre-Roll				ST		31	2022-05-26		12	18	18	18	5.1	1.35	3.75	dead small black flies	fine grained sawdust	fine grained sawdust; feces	14.2	100	2					N			4.5						
S_e1c8d162	2	75	Human Excrement Compost				ST		31	2022-05-26		12	18.5	18	18.25	5.1	1.35	3.75		fine grained sawdust	fine grained sawdust	14.5	75	2					N			4.5			Y			Y
S_18e965e9	2	76	Human Excrement Compost Pre-Roll				ST		32	2022-06-02		13	16.5	16	16.25	5.2	1.35	3.85	dead small black flies	fine grained sawdust	fine grained sawdust; feces	14.1	100	2					N			5						
S_2cb15876	2	77	Human Excrement Compost				ST		32	2022-06-02		13	16.5	16	16.25	5.2	1.35	3.85		fine grained sawdust	fine grained sawdust	14.5	79	2					N			5			Y		Y	
S_a3fa5559	2	78	Human Excrement Compost Pre-Roll				ST		33	2022-06-09		14	21	20	20.5	5.1	1.35	3.75	dead small black flies	fine grained sawdust	fine grained sawdust	16.6	100	2					N			5						
S_b8dd9319	2	79	Human Excrement Compost				ST		33	2022-06-09		14	21	20	20.5	5.1	1.35	3.75		fine grained sawdust	fine grained sawdust	16.8	100	2					N			5			Y			Y
S_adf11507	2	80	Human Excrement Compost Pre-Roll				ST		34	2022-06-16		15	23.5	24	23.75	5.1	1.35	3.75		fine grained sawdust	fine grained sawdust	15.5	81	2					N			4.5						
S_4c214b80	2	81	Human Excrement Compost				ST		34	2022-06-16		15	23	23	23	5.1	1.35	3.75		fine grained sawdust	fine grained sawdust	17.7	87	2					N			4.5			Y		Y	
S_12cfd456	2	82	Human Excrement Compost Pre-Roll				ST		35	2022-06-23		16	22.5	21	21.75	5.1	1.35	3.75		fine grained sawdust	fine grained sawdust; feces	15.6	100	2					N			4						
S_a5a79885	2	83	Human Excrement Compost				ST		35	2022-06-23		16	22.5	21	21.75	5.1	1.35	3.75		fine grained sawdust	fine grained sawdust	17.7	88	2					N			4			Y	Y		Y
S_f92b6ae3	2	84	Human Excrement Compost Pre-Roll				ST		36	2022-06-30		17																										
S_703184c8	2	85	Human Excrement Compost				ST		36	2022-06-30		17	19	19	19	5.1	1.35	3.75	fly tape residue	fine grained sawdust	fine grained sawdust; feces; air pocket	16.8	68	2					N			4			Y		Y	
S_23f1fef7	2	86	Human Excrement Compost Pre-Roll				JM		37	2022-07-07		18																										
S_2087e4a9	2	87	Human Excrement Compost				ST		37	2022-07-07		18	23.5	19	21.25	5.1	1.35	3.75	fly tape residue	fine grained sawdust	fine grained sawdust	15	83	2					N			5			Y			Y
S_b8dfad3c	2	88	Human Excrement Compost Pre-Roll				JM		38	2022-07-14		19																										
S_7cb9bd48	2	89	Human Excrement Compost				ST		38	2022-07-14		19	24.5	23	23.75	5	1.35	3.65	fly tape residue	fine grained sawdust	fine grained sawdust	20.6	83	2					N			4			Y		Y	
S_d9474f62	2	90	Human Excrement Compost				ST		39	2022-07-21		20	18.5	18	18.25	5	1.35	3.65	fly tape residue	fine grained sawdust	fine grained sawdust; feces	17.8	79	2					N			4.5			Y			Y
S_6134dae6	2	91	Human Excrement Compost				ST		40	2022-07-28		1	20	20	20	4.9	1.35	3.55	fly tape residue	fine grained sawdust	fine grained sawdust; feces	18	100	2					N			4.5			Y		Y	
S_26a6b3c0	2	92	Human Excrement Compost				ST		41	2022-08-04		2	18	18	18	4.9	1.35	3.55	fly tape residue	fine grained sawdust; feces; large air pocket	fine grained sawdust; feces	17.6	56	2					N			4.5			Y			Y
S_eb5d57ef	2	93	Human Excrement Compost				ST		42	2022-08-11		3	19	18	18.5	4.9	1.35	3.55	fly tape residue	fine grained sawdust; feces; large air pocket	fine grained sawdust; feces	17.4	100	2					N			4.5			Y		Y	
S_e197f14d	2	94	Human Excrement Compost				JM		43	2022-08-18		4	20	20	20	4.9	1.35	3.55	fly tape residue	fine grained sawdust	fine grained sawdust	16.9	85	2					N			4.5			Y			Y
S_54c042a9	2	95	Human Excrement Compost				ST		44	2022-08-25		5	18	18	18	4.9	1.35	3.55	fly tape residue	fine grained sawdust	fine grained sawdust; feces	16.6	86	2					N			4.5			Y		Y	
S_ce7e0cf3	2	96	Human Excrement Compost				KVO		45	2022-09-01		6	22	22	22	4.9	1.35	3.55	fly tape residue	fine grained sawdust	fine grained sawdust; feces	16.3	64	2					N			4.5			Y			Y
S_a0ce36ff	2	97	Human Excrement Compost				KVO		46	2022-09-08		7	20	20	20	4.9	1.35	3.55		fined grained sawdust	fine grained sawdust	16.4	71	2					N			4.5			Y		Y	
S_acaf5c66	2	98	Human Excrement Compost				KVO		47	2022-09-15		8	16	16	16	4.9	1.35	3.55		fine grained sawdust	fine grained sawdust	14.2	57	2					N			4.5			Y			Y
S_205e222f	2	99	Human Excrement Compost				KVO		48	2022-09-22		9	18	18	18	5	1.35	3.65		fine grained sawdust	fine grained sawdust	16.3	78	2					N			4.5			Y		Y	
S_5bf41571	2	100	Human Excrement Compost				KVO		49	2022-09-29		10	15	15	15	5	1.35	3.65		fine grained sawdust	fine grained sawdust	13.8	69	2					N			4.5			Y			Y
S_43c3af6e	2	101	Human Excrement Compost				KVO		50	2022-10-06		11	16	16	16	4.9	1.35	3.55		fine grained sawdust	fine grained sawdust	13.5	66	2					N			5			Y		Y	
S_2295bcba	2	102	Human Excrement Compost				KVO		51	2022-10-13		12	16	16	16	4.9	1.35	3.55		fine grained sawdust	fine grained sawdust; large air pocket	11.1	81	2					N			5			Y			Y
S_ddff4d96	2	103	Human Excrement Compost				KVO		52	2022-10-20		13	14.5	15	14.75	4.8	1.35	3.45		fine grained sawdust	fine grained sawdust		61	2					N			4.5			Y	Y	Y	
S_35657999	2		Human Excrement Compost				PI			2023-08-03		11	19	19	19	4.6	1.35	3.25		fine grained sawdust	feces, fine grained sawdust	16.1	86	2					N			5	Samples collected; DNA not extracted					
S_990444f9	3	1	Bulking Material				Participant	Fine Grained Sawdust		2021-09-28																									Y	Y		Y
S_b18b31bf	3	2	Inside Toilet Pre Use				Participant			2021-08-20																									Y			Y
S_c4ad1ed7	3	3	Soil Nearby Toilet				Participant			2021-08-20																									Y			Y
S_f9c1b319	3	4	Human Excrement				Participant			2021-09-28																									Y	Y		Y
S_0f1ca35b	3	5	Human Excrement				Participant			2021-10-05																									Y	Y		Y
S_917acded	3	6	Human Excrement				Participant			2021-10-12																									Y	Y		Y
S_6729dd4d	3	7	Human Excrement Compost Pre-Roll				JM		1	2021-10-21	Fall	2	19.8	26.6	23.2	5.2	1.3	3.9		fine grained sawdust	compacted fine grained sawdust	11.6	81	2.1					N			9.5						
S_58d47b0d	3	8	Human Excrement Compost				JM		1	2021-10-21	Fall	2	20.8	20.5	20.65	5.2	1.3	3.9		fine grained sawdust	loose fine grained sawdust	15.9	44	2.4					N			8.5			Y	Y		Y
S_482a5124	3	9	Human Excrement Compost Pre-Roll				JM		2	2021-10-28	Fall	3	23	24	23.5	5.1	1.3	3.8		fine grained sawdust	compact fine grained sawdust	15.1		2.2					N			9.5	Soil moisture probe broken					
S_91e6bf93	3	10	Human Excrement Compost				JM		2	2021-10-28	Fall	3	25	24	24.5	5.1	1.3	3.8		fine grained sawdust	loose fine grained sawdust	18.3		2.1					N			9.5	Soil moisture probe broken		Y		Y	
S_9bf9b240	3	11	Human Excrement Compost Pre-Roll				JM		3	2021-11-04	Fall	4	14.5	12	13.25	5.1	1.3	3.8		fine grained sawdust	fine grained sawdust; feces; toilet paper	12.6		2					N			9.5	Soil moisture probe broken. Started taking access port images; bucket images; and vent tube deep					
S_8a0cf1ba	3	12	Human Excrement Compost				JM		3	2021-11-04	Fall	4	15	13	14	5.1	1.3	3.8		fine grained sawdust	fine grained sawdust; feces; toilet paper	12.8		2.1					N			9.5	Soil moisture probe broken. Started taking access port images; bucket images; and vent tube deep		Y			Y
S_c91bf252	3	13	Human Excrement Compost Pre-Roll				JM		4	2021-11-11	Fall	5	18	18	18	5.2	1.3	3.9		large black flies; fine grained sawdust	fine grained sawdust	13	74	2.3					N			9.5						
S_78cec696	3	14	Human Excrement Compost				JM		4	2021-11-11	Fall	5	18	17	17.5	5.2	1.3	3.9		fine grained sawdust	fine grained sawdust	13.5	52	1.9					Y	large black flies; small black flies	too fast to measure	9.75			Y		Y	
S_86b258eb	3	15	Human Excrement Compost Pre-Roll				JM		5	2021-11-18	Fall	6	17	16	16.5	5.1	1.3	3.8		large black flies; fine grained sawdust	fine grained sawdust	12.3	77	2					N			9.5	Added 100 mL Invitrogen ultra pure distilled water					
S_4c88bb0c	3	16	Added water				JM		5	2021-11-18	Fall																											
S_e7c8ad64	3	17	Human Excrement Compost				JM		5	2021-11-18	Fall	6	18	17	17.5	5.1	1.3	3.8		large black flies; fine grained sawdust	fine grained sawdust	14	67	2.3					N			9.5			Y			Y
S_7bbac10c	3	18	Human Excrement Compost Pre-Roll				JM		6	2021-11-24	Fall	7	11	11	11	5.3	1.3	4		large black flies; fine grained sawdust	fine grained sawdust	12.6	64	1.6					N			7	Added 50 mL Invitrogen ultra pure distilled water					
S_4c370438	3	19	Added water				JM		6	2021-11-24	Fall																											
S_edd12a02	3	20	Human Excrement Compost				JM		6	2021-11-24	Fall	7	11	11	11	5.3	1.3	4		large black flies; fine grained sawdust	fine grained sawdust	11.7	47	2.1					N			6.2			Y		Y	
S_61399369	3	21	Human Excrement Compost Pre-Roll				JM		7	2021-12-02	Fall	8	13	12	12.5	5.2	1.3	3.9		large black flies; fine grained sawdust	fine grained sawdust	11.5	60	2					N			6.8	Water appears to have increased water woisture and samples are a bit darker…maybe water or increased decomposition					
S_7fe5fa58	3	22	Human Excrement Compost				JM		7	2021-12-02	Fall	8	14	13	13.5	5.2	1.3	3.9		large black flies; fine grained sawdust	fine grained sawdust	11.7	54	1.9					N			7			Y			Y
S_6d8d1bcc	3	23	Human Excrement Compost Pre-Roll				JM		8	2021-12-09	Fall	9	11	11	11	5.2	1.3	3.9		large black flies; fine grained sawdust	fine grained sawdust	12.6	80	2					N			6.4	Water appears to have increased water woisture and samples are a bit darker…maybe water or increased decomposition					
S_c383ab6a	3	24	Human Excrement Compost				JM		8	2021-12-09	Fall	9	10.5	10	10.25	5.2	1.3	3.9		large black flies; fine grained sawdust	fine grained sawdust	11.8		2					N			7			Y		Y	
S_bdf36534	3	25	Human Excrement Compost Pre-Roll				JM		9	2021-12-16		10	7.5	6	6.75	5.2	1.3	3.9		large black flies; fine grained sawdust	fine grained sawdust; large black flies	10.4	63	2.1					N			6.8						
S_a5644f5e	3	26	Human Excrement Compost				JM		9	2021-12-16		10	8.5	6	7.25	5.2	1.3	3.9		large black flies; fine grained sawdust	fine grained sawdust	9.8	63	2					N			6.4			Y			Y
S_4a19a454	3	27	Human Excrement Compost Pre-Roll				JM		10	2021-12-23		11	13	12	12.5	5.3	1.3	4		large black flies; fine grained sawdust	fine grained sawdust	13.6	72	2.4					N			7.2						
S_cf31b2be	3	28	Human Excrement Compost				JM		10	2021-12-23		11	13	12	12.5	5.3	1.3	4		large black flies; fine grained sawdust	fine grained sawdust	12.6	56	2					N			7			Y		Y	
S_07110c85	3	29	Human Excrement Compost Pre-Roll				JM		11	2021-12-30		12	9.5	9	9.25	5.2	1.3	3.9		large black flies; fine grained sawdust	fine grained sawdust	9.9	53	2.3					N			7.2	Added 100 mL Invitrogen ultra pure distilled water					
S_93ffc0ce	3	30	Added water				JM		11	2021-12-30																												
S_00ce9aa6	3	31	Human Excrement Compost				JM		11	2021-12-30		12	9.5	10	9.75	5.3	1.3	4		large black flies; fine grained sawdust	fine grained sawdust	9.7	62	2					N			7.2			Y			Y
S_640d88e5	3	32	Human Excrement Compost Pre-Roll				JM		12	2022-01-06		13	12	11	11.5	5.3	1.3	4		fine grained sawdust	fine grained sawdust	11.5	93	2					N			7	Added 100 mL Invitrogen ultra pure distilled water					
S_c269c67f	3	33	Added water				JM		12	2022-01-06																												
S_aa4fce49	3	34	Human Excrement Compost				JM		12	2022-01-06		13	12	12	12	5.4	1.3	4.1		fine grained sawdust	fine grained sawdust	10.6	58	3.4					N			7.4			Y		Y	
S_ba36aebd	3	35	Human Excrement Compost Pre-Roll				JM		13	2022-01-13		14	11	11	11	5.3	1.3	4		fine grained sawdust	fine grained sawdust	10.6	77	2					N			6.8	Added 100 mL Invitrogen ultra pure distilled water					
S_467cfba9	3	36	Added water				JM		13	2022-01-13																												
S_2f5cb5d2	3	37	Human Excrement Compost				JM		13	2022-01-13		14	11	10	10.5	5.3	1.3	4		fine grained sawdust	fine grained sawdust	10.4	55	2					N			6.8			Y			Y
S_9f2b6733	3	38	Human Excrement Compost Pre-Roll				JM		14	2022-01-20		15	11	10	10.5	5.5	1.3	4.2		large black flies	fine grained sawdust	10.7	100	2					N			6.8	Added 100 mL Invitrogen ultra pure distilled water					
S_954a84e7	3	39	Added water				JM		14	2022-01-20		15																										
S_d667510c	3	40	Human Excrement Compost				JM		14	2022-01-20		15	10	10	10	5.5	1.3	4.2		large black flies	fine grained sawdust	8.9	67	2					N			7			Y		Y	
S_ac121fa7	3	41	Human Excrement Compost Pre-Roll				JM		15	2022-01-27		16	10.5	9	9.75	5.5	1.3	4.2		fine grained sawdust; large black flies	feces; fine grained sawdust	10.7	100	2					N			6.7						
S_cbbcaf34	3	42	Human Excrement Compost				JM		15	2022-01-27		16	8.5	9	8.75	5.5	1.3	4.2		fine grained sawdust; large black flies	fine grained sawdust	9.3	68	2					N			6.5			Y			Y
S_a56e4c54	3	43	Human Excrement Compost Pre-Roll				JM		16	2022-02-03		17	8	8	8	5.5	1.3	4.2		fine grained sawdust; large black flies	fine grained sawdust; small black flies	8.4	58	2					N			6.2						
S_c8309068	3	44	Human Excrement Compost				JM		16	2022-02-03		17	9	8	8.5	5.5	1.3	4.2		fine grained sawdust	fine grained sawdust	8.6	70	2					N			6.4			Y		Y	
S_68be0334	3	45	Human Excrement Compost Pre-Roll				LW		17	2022-02-10		18	11.5	11	11.25	5.4	1.3	4.1	small dead flies on top	fine grained sawdust	fine grained sawdust; large live black flies; large dead black flies	9.2		2					Y	small live black flies	too fast to measure	6.2	Moisture probe broken					
S_fdb2f633	3	46	Human Excrement Compost				LW		17	2022-02-10		18	11.5	11	11.25	5.4	1.3	4.1		fine grained sawdust	fine grained sawdust; white larvae	9.8		2					N			6			Y			Y
S_166c305f	3	47	Human Excrement Compost Pre-Roll				JM		18	2022-02-17		19	11	10	10.5	5.5	1.3	4.2		fine grained sawdust; large black flies	fine grained sawdust	9.3	50	2					N			5.8						
S_14bf1e8c	3	48	Human Excrement Compost				JM		18	2022-02-17		19	11	10	10.5	5.5	1.3	4.2		fine grained sawdust; large black flies	fine grained sawdust	9.5	66	2					N			6			Y	Y	Y	
S_f4a2d509	3	49	Human Excrement Compost Pre-Roll				JM		19	2022-02-24		20	13	12	12.5	5.4	1.3	4.1		fine grained sawdust	fine grained sawdust	9.2	62	2					N			5.8						
S_4f0bd4ef	3	50	Human Excrement Compost				JM		19	2022-02-24		20	13	13	13	5.4	1.3	4.1		fine grained sawdust	fine grained sawdust	12.4	53	2					N			5.5			Y			Y
S_f5cdda32	3	51	Human Excrement Compost Pre-Roll				TL		20	2022-03-03		1	14.5	13	13.75	5.4	1.3	4.1	small dead flies on top	fine grained sawdust; large black fly	fine grained sawdust; one small live fly	11.2	85	2					N			5.5						
S_fa768f62	3	52	Human Excrement Compost				TL		20	2022-03-03		1	13.5	14	13.75	5.4	1.3	4.1		fine grained sawdust; large black fly	fine grained sawdust	11.8	40	2					N			5.5			Y		Y	
S_e6b12173	3	53	Human Excrement Compost Pre-Roll				TL		21	2022-03-08		2	14	12	13	5.4	1.3	4.1	small dead flies on top	fine grained sawdust	fine grained sawdust	9.8	65	2					N			5.5						
S_ae9fbb75	3	54	Human Excrement Compost				TL		21	2022-03-08		2	14	13	13.5	5.4	1.3	4.1		fine grained sawdust	fine grained sawdust	10.4	72	2					N			5.5			Y			Y
S_9e5783b9	3	55	Human Excrement Compost Pre-Roll				TL		22	2022-03-24		2	14	15	14.5	5.3	1.3	4	small dead flies on top	fine grained sawdust	fine grained sawdust; live flies	10.6	76	2					Y	small live black flies	too fast to measure	5.8						
S_9b8bdf0a	3	56	Human Excrement Compost				TL		22	2022-03-24		2	14.5	15	14.75	5.3	1.3	4		fine grained sawdust	fine grained sawdust	10.9	56	2					N			5.5			Y		Y	
S_ba1aca02	3	57	Human Excrement Compost Pre-Roll				TL		23	2022-03-31		3	13.5	14	13.75	5.3	1.3	4	small dead flies on top	fine grained sawdust	fine grained sawdust	11.2	100	2					Y	small live black flies	too fast to measure	5.5						
S_eada10f9	3	58	Human Excrement Compost				TL		23	2022-03-31		3	13.5	14	13.75	5.3	1.3	4		fine grained sawdust	fine grained sawdust	11.6	45	2					N			5.5			Y			Y
S_5ef4c0f5	3	59	Human Excrement Compost Pre-Roll				TL		24	2022-04-07		4	17.5	16	16.75	5.4	1.3	4.1	small dead flies on top	fine grained sawdust	fine grained sawdust; live black flies	12	95	2					N			5.5						
S_81a16d58	3	60	Human Excrement Compost				TL		24	2022-04-07		4	18	16	17	5.4	1.3	4.1		fine grained sawdust	fine grained sawdust	13.2	83	2					N			5.5			Y		Y	
S_68c9f1f8	3	61	Human Excrement Compost Pre-Roll				JM		25	2022-04-14		5	15.5	16	15.75	5.3	1.3	4		fine grained sawdust	fine grained sawdust	11.1	84	2					N			4						
S_b0e9306b	3	62	Human Excrement Compost				JM		25	2022-04-14		5	15.5	16	15.75	5.3	1.3	4		fine grained sawdust	fine grained sawdust	11.4	49	2					N			4			Y			Y
S_aea4e70c	3	63	Human Excrement Compost Pre-Roll				ST		26	2022-04-21		6	13	13	13	5.3	1.3	4		fine grained sawdust	fine grained sawdust	12.1	60	2					N			4						
S_48c52030	3	64	Human Excrement Compost				ST		26	2022-04-21		6	13	13	13	5.3	1.3	4		fine grained sawdust	fine grained sawdust	12.4	67	2					N			4			Y		Y	
S_90666dcb	3	65	Human Excrement Compost Pre-Roll				ST		27	2022-04-28		7	13	14	13.5	5.2	1.3	3.9	small dead black fly	fine grained sawdust	fine grained sawdust; live black flies	11.2	76	2					N			5.5						
S_e88ffc84	3	66	Human Excrement Compost				ST		27	2022-04-28		7	13	14	13.5	5.2	1.3	3.9		fine grained sawdust	fine grained sawdust	11.1	76	2					N			5.5			Y			Y
S_caa38654	3	67	Human Excrement Compost Pre-Roll				TL		28	2022-05-05		8	14.5	13	13.75	5.2	1.3	3.9		fine grained sawdust	fine grained sawdust	11.3	89	2					N			5						
S_01a38419	3	68	Human Excrement Compost				TL		28	2022-05-05		8	14.5	13	13.75	5.2	1.3	3.9		fine grained sawdust	fine grained sawdust	11.8	66	2					N			5			Y		Y	
S_d9644c57	3	69	Human Excrement Compost Pre-Roll				ST		29	2022-05-12		9	10	11	10.5	5.2	1.3	3.9	live and dead flies	fine grained sawdust	fine grained sawdust	10.3	65	2					N			5						
S_d95ccaf9	3	70	Human Excrement Compost				ST		29	2022-05-12		9	10	10	10	5.2	1.3	3.9		fine grained sawdust	fine grained sawdust	9.9	66	2					N			5.5			Y			Y
S_f161e061	3	71	Human Excrement Compost Pre-Roll				ST		30	2022-05-19		10	15	15	15	5.2	1.3	3.9	live and dead flies	fine grained sawdust	fine grained sawdust	14.8	85	2					N			6						
S_cea77bb0	3	72	Human Excrement Compost				ST		30	2022-05-19		10	16	15	15.5	5.2	1.3	3.9	live and dead flies	fine grained sawdust	fine grained sawdust	14.2	84	2					Y	brown larvae	5	6			Y		Y	
S_53d757a8	3	73	Human Excrement Compost Pre-Roll				ST		31	2022-05-26		11	19	17	18	5.1	1.3	3.8		fine grained sawdust	fine grained sawdust	14.8	89	2					N			4						
S_b290cea5	3	74	Human Excrement Compost				ST		31	2022-05-26		11	19.5	20	19.75	5.1	1.3	3.8		fine grained sawdust	fine grained sawdust	16.3	99	2					N			4.5			Y			Y
S_18bc581f	3	75	Human Excrement Compost Pre-Roll				ST		32	2022-06-02		12	16	17	16.5	5.1	1.3	3.8		fine grained sawdust	fine grained sawdust	14.1	90	2					N			5						
S_e56d67ff	3	76	Human Excrement Compost				ST		32	2022-06-02		12	16	17	16.5	5.1	1.3	3.8		fine grained sawdust	fine grained sawdust	14.3	46	2					N			5			Y		Y	
S_4d183368	3	77	Human Excrement Compost Pre-Roll				BG		33	2022-06-09		13	21	20.5	20.75	5	1.3	3.7		fine grained sawdust	fine grained sawdust	16.3	67	2					N			5.5						
S_4117f49c	3	78	Human Excrement Compost				ST		33	2022-06-09		13	21	21	21	5	1.3	3.7		fine grained sawdust	fine grained sawdust	17.3	100	2					N			5.5			Y			Y
S_43087c85	3	79	Human Excrement Compost Pre-Roll				ST		34	2022-06-16		14	23.5	23	23.25	5.1	1.3	3.8		fine grained sawdust	fine grained sawdust; feces	16.1	92	2					N			4.5						
S_88371e5f	3	80	Human Excrement Compost				ST		34	2022-06-16		14	23	23	23	5.1	1.3	3.8		fine grained sawdust	fine grained sawdust; feces	17.1	88	2					N			4.5			Y		Y	
S_207f89cc	3	81	Human Excrement Compost Pre-Roll				ST		35	2022-06-23		15	23.5	23	23.25	5.1	1.3	3.8		fine grained sawdust	fine grained sawdust; feces	15.8	85	2					N			4.5						
S_57e494cf	3	82	Human Excrement Compost				ST		35	2022-06-23		15	23.5	22	22.75	5.1	1.3	3.8		fine grained sawdust	fine grained sawdust; feces	18.4	75	2					N			4.5			Y	Y		Y
S_e69af5a0	3	83	Human Excrement Compost Pre-Roll				ST		36	2022-06-30		16																										
S_151a0c7c	3	84	Human Excrement Compost				ST		36	2022-06-30		16	19	19	19	5.1	1.3	3.8		fine grained sawdust	fine grained sawdust; feces; live black flies	16.7	77	2					N			4.5			Y		Y	
S_baba9c5c	3	85	Human Excrement Compost Pre-Roll				JM		37			17																										
S_44ac5454	3	86	Human Excrement Compost				ST		37	2022-07-07		17	21.5	20	20.75	5.1	1.3	3.8		fine grained sawdust	fine grained sawdust; feces; air pocket	15	65	2					N			5			Y			Y
S_c30251d7	3	87	Human Excrement Compost Pre-Roll				JM		38			18																										
S_100208bf	3	88	Human Excrement Compost				ST		38	2022-07-14		18	24	23	23.5	5	1.3	3.7		fine grained sawdust	fine grained sawdust; feces; air pocket	19.4	91	2					N			4			Y		Y	
S_017d5b5e	3	89	Human Excrement Compost				ST		39	2022-07-21		19	18.5	19	18.75	5	1.3	3.7		fine grained sawdust	fine grained sawdust; feces	18.1	91	2					N			4.5			Y			Y
S_91b2136a	3	90	Human Excrement Compost				ST		40	2022-07-28		20	21	20	20.5	5	1.3	3.7		fine grained sawdust	fine grained sawdust; feces	18.6	81	2					N			4.5			Y		Y	
S_71efb0d0	3	91	Human Excrement Compost				ST		41	2022-08-04		1	18	18	18	5	1.3	3.7		fine grained sawdust	fine grained sawdust; feces	17.9	50	2					N			4.5			Y			Y
S_7e85590e	3	92	Human Excrement Compost				ST		42	2022-08-11		2	19	18	18.5	5	1.3	3.7		fine grained sawdust	fine grained sawdust; feces	17.1	62	2					N			4.5			Y		Y	
S_2357ed62	3	93	Human Excrement Compost				JM		43	2022-08-18		3	20	20	20	5	1.3	3.7		fine grained sawdust	fine grained sawdust: feces	17	31	2					N			4.5			Y			Y
S_a763eef9	3	94	Human Excrement Compost				ST		44	2022-08-25		4	18	18	18	5	1.3	3.7	fly tape residue	fine grained sawdust	fine grained sawdust: feces	16.9	81	2					N			4.5	changed d763eef9 to a763eef9 1.14.23		Y		Y	
S_5b6ba8eb	3	95	Human Excrement Compost				KVO		45	2022-09-01		5	22.5	22	22.25	5	1.3	3.7	fly tape residue	fine grained sawdust	fine grained sawdust	16.6	69	2.1					N			4.5			Y			Y
S_86420f4c	3	96	Human Excrement Compost				KVO		46	2022-09-08		6	20	20	20	4.9	1.3	3.6		fine grained sawdust	fine grained sawdust	16.5	71	2					N			4.5			Y		Y	
S_1a51d4f3	3	97	Human Excrement Compost				KVO		47	2022-09-15		7	15.5	16	15.75	4.9	1.3	3.6		fine grained sawdust; fly	fine grained sawdust	14.1	75	2					N			4.5			Y			Y
S_98192598	3	98	Human Excrement Compost				KVO		48	2022-09-22		8	18	18	18	4.9	1.3	3.6		fine grained sawdust	fine grained sawdust	16.6	81	2					N			5			Y		Y	
S_536e6f94	3	99	Human Excrement Compost				KVO		49	2022-09-29		9	15.5	15	15.25	4.9	1.3	3.6		fine grained sawdust	fine grained sawdust	14.3	78	2					N			4.5			Y			Y
S_4bf58f84	3	100	Human Excrement Compost				KVO		50	2022-10-06		10	16	16	16	4.9	1.3	3.6		fine grained sawdust	fine grained sawdust	13.6	94	2					N			5			Y		Y	
S_7a51b862	3	101	Human Excrement Compost				KVO		51	2022-10-13		11	14.5	15	14.75	4.9	1.3	3.6		fine grained sawdust	fine grained sawdust; air pocket	11.5	82	2					N			5			Y			Y
S_7f98a7fb	3	102	Human Excrement Compost				KVO		52	2022-10-20		12	15	15	15	4.8	1.3	3.5		fine grained sawdust	fine grained sawdust; air pocket	11	87	2					N			5			Y	Y	Y	
S_8d4a8977	3		Human Excrement Compost				PI			2023-08-03		9	19	19	19	4.5	1.3	3.2		fine grained sawdust	fine grained sawdust	16.2	97	2					N			5.8	Samples collected; DNA not extracted					
S_e34609a1	4	1	Bulking Material				Participant	Fine Grained Sawdust		2021-09-28																									Y	Y		Y
S_81a8aae3	4	2	Inside Toilet Pre Use				Participant			2021-09-28																									Y			Y
S_f3997860	4	3	Other Controls				Participant			2021-10-19																							Transfer bucket was required because I forgot to bring a bucket for pick up. Therefore I sanitized the inside of the transfer bucket with ethanol; then swabbed the inside. I also sanitized the inside of the composting bucket with ethanol and swabbed the inside.		Y			
S_b49cb9c7	4	4	Other Controls				Participant			2021-10-19																									Y			
S_e3378e39	4	5	Soil Nearby Toilet				Participant			2021-09-28																									Y			Y
S_c09d51fd	4	6	Human Excrement				Participant			2021-10-06																							Delivered to the wrong address and returned to FedEx		Y	Y		Y
S_e5241bab	4	7	Human Excrement				Participant			2021-10-13																									Y	Y		Y
S_9500031f	4	8	Human Excrement				Participant			2021-10-19																									Y	Y		Y
S_ec048294	4	9	Human Excrement Compost Pre-Roll				JM		1	2021-10-21	Fall	1	19.5	19.7	19.6	4.7	1.35	3.35		large grained sawdust	large grained sawdust	12.9	79	4.3					N			9						
S_5e217db3	4	10	Human Excrement Compost				JM		1	2021-10-21	Fall	1	20.3	21.7	21	4.7	1.35	3.35		large grained sawdust	large grained sawdust	17.9	43	2					Y	white larva; small black flies	8	7.25			Y	Y		Y
S_dfcc7ac5	4	11	Human Excrement Compost Pre-Roll				JM		2	2021-10-28	Fall	2	24.5	23	23.75	4.7	1.35	3.35	white larvae	large grained sawdust	large grained sawdust	16.3		3					N			7	Soil moisture probe broken					
S_0eee9760	4	12	Human Excrement Compost				JM		2	2021-10-28	Fall	2	24	24.5	24.25	4.7	1.35	3.35	white larvae	large grained sawdust	large grained sawdust	19.4		2					N			7	Soil moisture probe broken		Y		Y	
S_7b32f06a	4	13	Human Excrement Compost Pre-Roll				JM		3	2021-11-04	Fall	3	16	14	15	4.6	1.35	3.25	small dead black flies	large grained sawdust	large grained sawdust	12.9		2					N			8	Soil moisture probe broken. Started taking access port images; bucket images; and vent tube deep					
S_90fb0434	4	14	Human Excrement Compost				JM		3	2021-11-04	Fall	3	15	13	14	4.6	1.35	3.25	small dead black flies	large grained sawdust	large grained sawdust	13.1		2.2					N			7.5	Soil moisture probe broken. Started taking access port images; bucket images; and vent tube deep		Y			Y
S_42995419	4	15	Human Excrement Compost Pre-Roll				JM		4	2021-11-11	Fall	4	19.5	20	19.75	4.6	1.35	3.25	small dead black flies	large grained sawdust	large grained sawdust	12.6	67	2					Y	brown pupa	2	9						
S_df680b5c	4	16	Human Excrement Compost				JM		4	2021-11-11	Fall	4	19	18	18.5	4.6	1.35	3.25	small dead black flies	large grained sawdust	large grained sawdust	13.9	54	2.1					Y	brown pupa	11	8			Y		Y	
S_c078fb3f	4	17	Human Excrement Compost Pre-Roll				JM		5	2021-11-18	Fall	5	19	18	18.5	4.6	1.35	3.25		large grained sawdust	small live black flies; small plant germinating; large grained sawdust	12.1	53	2.4					Y	diplopoda; mollusca	2	8						
S_3e99b73e	4	18	Human Excrement Compost				JM		5	2021-11-18	Fall	5	19	18	18.5	4.6	1.35	3.25		large grained sawdust	small live black flies; small plant germinating; large grained sawdust	13.7	55	3.5					Y	brown pupa	15	8			Y			Y
S_e15ca062	4	19	Human Excrement Compost Pre-Roll				JM		6	2021-11-24	Fall	6	12	11	11.5	4.7	1.35	3.35		large grained sawdust	large grained sawdust	11.8	45	2.2					N			6.5	Changed pH paper to Hydrion					
S_f3752a05	4	20	Human Excrement Compost				JM		6	2021-11-24	Fall	6	12	11	11.5	4.7	1.35	3.35		large grained sawdust	large grained sawdust	11.1	44	2.1					N			6.2	Added 50 mL Invitrogen ultra pure distilled water		Y		Y	
S_0f5d82d9	4	21	Added water				JM		6	2021-11-24	Fall																											
S_7b9075d3	4	22	Human Excrement Compost Pre-Roll				JM		7	2021-12-02	Fall	7	13.5	13	13.25	4.7	1.35	3.35		large grained sawdust	large grained sawdust	11.2	52	1.9					N			6.4						
S_2ac7861a	4	23	Human Excrement Compost				JM		7	2021-12-02	Fall	7	14	13	13.5	4.7	1.35	3.35		large grained sawdust	large grained sawdust	11.5	40	2.2					N			7			Y			Y
S_4be02555	4	24	Human Excrement Compost Pre-Roll				JM		8	2021-12-09	Fall	8	11	10	10.5	4.7	1.35	3.35		large grained sawdust	large grained sawdust	11.5	70	2					N			6.8						
S_563456ce	4	25	Human Excrement Compost				JM		8	2021-12-09	Fall	8	11.5	11	11.25	4.7	1.35	3.35		large grained sawdust	large grained sawdust	11.3	52	2.1					Y	brown pupa	15	6.8			Y		Y	
S_2a06b9fc	4	26	Human Excrement Compost Pre-Roll				JM		9	2021-12-16		9	10	8	9	4.7	1.35	3.35		large grained sawdust	large grained sawdust	9.1	48	2.3					N			6.6						
S_82414116	4	27	Human Excrement Compost				JM		9	2021-12-16		9	7.5	6	6.75	4.7	1.35	3.35		large grained sawdust	large grained sawdust	9.3	36	2.1					N			6.8			Y			Y
S_381d6489	4	28	Human Excrement Compost Pre-Roll				JM		10	2021-12-23		10	12.5	12	12.25	4.7	1.35	3.35		large grained sawdust	large grained sawdust	12.3	65	2.2					N			6.6						
S_6edf5637	4	29	Human Excrement Compost				JM		10	2021-12-23		10	13.5	13	13.25	4.7	1.35	3.35		large grained sawdust	large grained sawdust	12.1	44	2.1					N			6.6			Y		Y	
S_9aea52fd	4	30	Human Excrement Compost Pre-Roll				JM		11	2021-12-30		11	9.5	10	9.75	4.6	1.35	3.25		large grained sawdust	large grained sawdust	9.3	40	2.2					N			6.2	Added 100 mL Invitrogen ultra pure distilled water					
S_d95d78ef	4	31	Added water				JM		11	2021-12-30																												
S_2204dec2	4	32	Human Excrement Compost				JM		11	2021-12-30		11	10.5	11	10.75	4.8	1.35	3.45		large grained sawdust	large grained sawdust	9.3	61	2.1					Y	white larva; brown larva	5; 15	6.2			Y			Y
S_6925d08e	4	33	Human Excrement Compost Pre-Roll				JM		12	2022-01-06		12	13	13	13	4.7	1.35	3.35		large grained sawdust	large grained sawdust	10	50	2.5					N			6.5						
S_fe3bab4d	4	34	Human Excrement Compost				JM		12	2022-01-06		12	13	13	13	4.7	1.35	3.35		large grained sawdust	large grained sawdust	10.4	50	2.1					N			6.5			Y		Y	
S_6d49592b	4	35	Human Excrement Compost Pre-Roll				JM		13	2022-01-13		13	10	9	9.5	4.7	1.35	3.35		large grained sawdust	large grained sawdust	10	48	2.1					N			6.5	Added 100 mL Invitrogen ultra pure distilled water					
S_ff495f7e	4	36	Added water				JM		13	2022-01-13																												
S_391dee67	4	37	Human Excrement Compost				JM		13	2022-01-13		13	10	10	10	4.7	1.35	3.35		large grained sawdust	large grained sawdust	9.5	58	2					N			6.5			Y			Y
S_99d2892c	4	38	Human Excrement Compost Pre-Roll				JM		14	2022-01-20		14	10	10	10	4.6	1.35	3.25		large grained sawdust	large grained sawdust	9.8	59	2					N			6.5						
S_86eef944	4	39	Human Excrement Compost				JM		14	2022-01-20		14	11	10	10.5	4.6	1.35	3.25		large grained sawdust	large grained sawdust	9.7	44	2					N			6.5			Y		Y	
S_0c265d29	4	40	Human Excrement Compost Pre-Roll				JM		15	2022-01-27		15	10	9	9.5	4.7	1.35	3.35		large grained sawdust	large grained sawdust	9	53	2					N			6.5						
S_0457d234	4	41	Human Excrement Compost				JM		15	2022-01-27		15	11	10	10.5	4.7	1.35	3.35		large grained sawdust	large grained sawdust	9	48	2.3					N			6.5			Y			Y
S_05ec4420	4	42	Human Excrement Compost Pre-Roll				JM		16	2022-02-03		16	9	9	9	4.8	1.35	3.45		large grained sawdust; small black flies	large grained sawdust	7.9	50	2					N			6.2						
S_628aae7c	4	43	Human Excrement Compost				JM		16	2022-02-03		16	8.5	9	8.75	4.8	1.35	3.45		large grained sawdust; small black flies	large grained sawdust	8.5	52	2					Y	white larva	12	6.4			Y		Y	
S_d79e7429	4	44	Human Excrement Compost Pre-Roll				LM		17	2022-02-10		17	11.5	11	11.25	4.7	1.35	3.35		large grained sawdust	large grained sawdust; air pockets	9.5		2.4					N			6						
S_b859cc72	4	45	Human Excrement Compost				LM		17	2022-02-10		17	11	11	11	4.7	1.35	3.35		large grained sawdust	large grained sawdust	10	52	2					N			6.2	Changed probe battery		Y			Y
S_3b66091d	4	46	Human Excrement Compost Pre-Roll				JM		18	2022-02-17		18	12	10	11	4.7	1.35	3.35		large grained sawdust	large grained sawdust	9.3	50	2					N			6.2						
S_00b62637	4	47	Human Excrement Compost				JM		18	2022-02-17		18	12	10	11	4.7	1.35	3.35		large grained sawdust	large grained sawdust	9.4	40	2					N			6.4			Y	Y	Y	
S_04266a86	4	48	Human Excrement Compost Pre-Roll				JM		19	2022-02-24		19	12	12	12	4.6	1.35	3.25		large grained sawdust	large grained sawdust	10.9	51	2					N			6						
S_b290176a	4	49	Human Excrement Compost				JM		19	2022-02-24		19	11	11	11	4.6	1.35	3.25		large grained sawdust	large grained sawdust	11.9	55	2					N			6.2			Y			Y
S_1f03aa32	4	50	Human Excrement Compost Pre-Roll				TL		20	2022-03-03		2	14.5	13	13.75	4.6	1.35	3.25	small dead black flies; small live black flies	large grained sawdust	large grained sawdust; air pocket	10.3	60	2					N			6.1						
S_c25f0b02	4	51	Human Excrement Compost				TL		20	2022-03-03		2	14	14	14	4.6	1.35	3.25		large grained sawdust	large grained sawdust	10.9	41	2					N			6.1			Y		Y	
S_16b90b48	4	52	Human Excrement Compost Pre-Roll				TL		21	2022-03-08		1	11.5	12	11.75	4.6	1.35	3.25	small dead black flies	large grained sawdust; small live black flies	large grained sawdust	8.8	46	2					Y	brown pupa	17	6.1						
S_f9fd2332	4	53	Human Excrement Compost				TL		21	2022-03-08		1	9	10	9.5	4.6	1.35	3.25		large grained sawdust; small live black flies	large grained sawdust	8.3	32	2					Y	brown pupa	20	6.1			Y			Y
S_3327e7fe	4	54	Human Excrement Compost Pre-Roll				TL		22	2022-03-24		1	15	15	15	4.6	1.35	3.25	small dead black flies	large grained sawdust	large grained sawdust	10.6	59	2					N			6.6						
S_d7f2e5ab	4	55	Human Excrement Compost				TL		22	2022-03-24		1	15.5	16	15.75	4.6	1.35	3.25		large grained sawdust	large grained sawdust	11.2	49	2					Y	brown pupa	10	6.6			Y		Y	
S_be1e4751	4	56	Human Excrement Compost Pre-Roll				TL		23	2022-03-31		2	13.5	14	13.75	4.6	1.35	3.25	small dead black flies	large grained sawdust; live black flies	large grained sawdust	11.5	71	2					N			6.2						
S_e70312e9	4	57	Human Excrement Compost				TL		23	2022-03-31		2	14	15	14.5	4.6	1.35	3.25		large grained sawdust	large grained sawdust	12.5	42	2					Y	brown pupa	15	6.4			Y			Y
S_e6fa4dfc	4	58	Human Excrement Compost Pre-Roll				TL		24	2022-04-07		3	20	17	18.5	4.6	1.35	3.25		large grained sawdust	large grained sawdust	12.4	44	2					N			5.5						
S_1c07f0d7	4	59	Human Excrement Compost				TL		24	2022-04-07		3	20.5	17	18.75	4.6	1.35	3.25		large grained sawdust	large grained sawdust	13.3	48	2					Y	brown pupa	20	5.5			Y		Y	
S_7f57c799	4	60	Human Excrement Compost Pre-Roll				JM		25	2022-04-14		4	15.5	16	15.75	4.6	1.35	3.25		large grained sawdust	large grained sawdust	11.1	50	2					N			5						
S_82573415	4	61	Human Excrement Compost				JM		25	2022-04-14		4	16.5	17	16.75	4.6	1.35	3.25		large grained sawdust	large grained sawdust	11.4	47	2					N			5.5			Y			Y
S_b0f6bce4	4	62	Human Excrement Compost Pre-Roll				ST		26	2022-04-21		5	14	13.5	13.75	4.5	1.35	3.15	Small dead flies	large grained sawdust	large grained sawdust; air pocket	12.2	53	2					N			5.5						
S_6a26d37f	4	63	Human Excrement Compost				ST		26	2022-04-21		5	15	14.5	14.75	4.5	1.35	3.15		large grained sawdust	large grained sawdust	12.3	51	2					N			5.5			Y		Y	
S_a5c9407b	4	64	Human Excrement Compost Pre-Roll				TL		27	2022-04-28		6	13.5	13	13.25	4.5	1.35	3.15		large grained sawdust	large air pocket;large grained sawdust	11.3	65	2					N			6.5						
S_7fc1bbf6	4	65	Human Excrement Compost				TL		27	2022-04-28		6	14.5	13	13.75	4.5	1.35	3.15		large grained sawdust	large grained sawdust	11	45	2					Y	brown larvae	10; 15	6.5			Y			Y
S_8cd1b2ea	4	66	Human Excrement Compost Pre-Roll				TL		28	2022-05-05		7	15	13	14	4.6	1.35	3.25	small dead flies	large grained sawdust; live flies	large grained sawdust	11.3	49	2					N			6						
S_a56edcad	4	67	Human Excrement Compost				TL		28	2022-05-05		7	15	14	14.5	4.6	1.35	3.25		large grained sawdust	large grained sawdust	11.5	50	2					N			6			Y		Y	
S_a542e872	4	68	Human Excrement Compost Pre-Roll				LW		29	2022-05-12		8	11	10	10.5	4.4	1.35	3.05	small dead fly; sawdust	large grained sawdust	large grained sawdust	10.1	32	2					N			6						
S_8787dc58	4	69	Human Excrement Compost				LW		29	2022-05-12		8	12	10	11	4.4	1.35	3.05		large grained sawdust	large grained sawdust; three large brown pupae	10.5	36	2					N			6			Y			Y
S_c51ba8cf	4	70	Human Excrement Compost Pre-Roll				ST		30	2022-05-19		9	16	15	15.5	4.4	1.35	3.05	dead flies; sawdust	large grained sawdust	large grained sawdust; large airpocket	14.6	65	2					Y	live brown larva	15	6						
S_12d8dac4	4	71	Human Excrement Compost				ST		30	2022-05-19		9	17	16	16.5	4.4	1.35	3.05		large grained sawdust	large grained sawdust; two large brown pupae; large airpocket	14.4	54	2					Y	live brown larva	15	6			Y		Y	
S_7715dc99	4	72	Human Excrement Compost Pre-Roll				ST		31	2022-05-26		10	21	20	20.5	4.4	1.35	3.05		large grained sawdust	large grained sawdust	12.9	61	2					N			5.5						
S_0b6cdc55	4	73	Human Excrement Compost				ST		31	2022-05-26		10	20.5	20	20.25	4.4	1.35	3.05		large grained sawdust	large grained sawdust	12.9	49	2					N			6			Y			Y
S_2dfe2ef9	4	74	Human Excrement Compost Pre-Roll				ST		32	2022-06-02		11	17	18	17.5	4.4	1.35	3.05		large grained sawdust	large grained sawdust	13.7	54	2					Y	live brown larvae	12; 15	6						
S_7d6289d9	4	75	Human Excrement Compost				ST		32	2022-06-02		11	17	18	17.5	4.4	1.35	3.05		large grained sawdust	large grained sawdust	14.5	72	2					N			6			Y		Y	
S_2f274ee5	4	76	Human Excrement Compost Pre-Roll				ST		33	2022-06-09		12	21	21	21	4.4	1.35	3.05	fly tape residue	large grained sawdust; live black flies	large grained sawdust; air pocket	17.4	67	2					N			6						
S_ff30e8b0	4	77	Human Excrement Compost				ST		33	2022-06-09		12	21	21	21	4.4	1.35	3.05	fly tape residue	large grained sawdust; live black flies	large grained sawdust; live brown pupae	17.2	57	2					Y	live brown larva	12	6			Y			Y
S_67a71fb7	4	78	Human Excrement Compost Pre-Roll				ST		34	2022-06-16		13	23.5	22	22.75	4.4	1.35	3.05	fly tape residue	large grained sawdust	large grained sawdust; live brown pupae	16.2	78	2					Y	live brown larva	15	6						
S_f95ee8f6	4	79	Human Excrement Compost				ST		34	2022-06-16		13	23.5	22	22.75	4.4	1.35	3.05	fly tape residue	large grained sawdust	large grained sawdust; live brown pupae	17.5	61	2					N			6			Y		Y	
S_3c8a2c3f	4	80	Human Excrement Compost Pre-Roll				ST		35	2022-06-23		18	23.5	22	22.75	4.4	1.35	3.05	fly tape residue	large grained sawdust	large grained sawdust; large airpocket	17.6	54	2					N			6						
S_a4dd164f	4	81	Human Excrement Compost				ST		35	2022-06-23		18	24	22	23	4.4	1.35	3.05	fly tape residue	large grained sawdust	large grained sawdust; large airpocket	18.2	50	2					N			6			Y	Y		Y
S_88a03a04	4	82	Human Excrement Compost Pre-Roll				ST		36	2022-06-30		19																										
S_a0c80b71	4	83	Human Excrement Compost				ST		36	2022-06-30		19	19.5	19	19.25	4.4	1.35	3.05	fly tape residue	large grained sawdust	large grained sawdust; large airpocket	17.6	46	2					Y	brown pupae	10	6			Y		Y	
S_c6d8bd6d	4	84	Human Excrement Compost Pre-Roll				JM		37																													
S_f2f443ca	4	85	Human Excrement Compost				ST		37	2022-07-07		20	20.5	20	20.25	4.5	1.35	3.15	fly tape residue	large grained sawdust	large grained sawdust; large airpocket	18	41	2					Y	brown pupae	10	6			Y			Y
S_af7441d9	4	86	Human Excrement Compost Pre-Roll				JM		38			1																										
S_700d71fb	4	87	Human Excrement Compost				LW		38	2022-07-14		1	24	23.5	23.75	4.3	1.35	2.95	fly tape residue; dead flies	large grained sawdust; huge live bugs	large grained sawdust; large airpocket	19.5	47	2					N			6			Y		Y	
S_ac7d5b85	4	88	Human Excrement Compost				LW		39	2022-07-21		2	18	19	18.5	4.3	1.35	2.95	fly tape residue; dead flies	large grained sawdust; regular live black flies	large grained sawdust; large airpocket	18.2	57	2					N			6			Y			Y
S_2f152e35	4	89	Human Excrement Compost				ST		40	2022-07-28		9	21	20	20.5	4.2	1.35	2.85	fly tape residue; dead flies	large grained sawdust; regular live black flies	large grained sawdust; large airpocket	18.3	80	2					N			6			Y		Y	
S_90cfa0b6	4	90	Human Excrement Compost				ST		41	2022-08-04		10	17.5	18	17.75	4.2	1.35	2.85	fly tape residue; dead flies	large grained sawdust	large grained sawdust; large airpocket	18	52	2					Y	brown pupa	12	6			Y			Y
S_9f1b4d51	4	91	Human Excrement Compost				ST		42	2022-08-11		11	19	19	19	4.2	1.35	2.85	fly tape residue; dead flies	large grained sawdust	large grained sawdust; large airpocket	17.5	56	2					N			6			Y		Y	
S_7ccbe095	4	92	Human Excrement Compost				JM		43	2022-08-18		12	21	21	21	4.2	1.35	2.85	fly tape residue; dead flies	large grained sawdust	large grained sawdust; large airpocket	17.3	51	2					N			5.5			Y			Y
S_328ed0a7	4	93	Human Excrement Compost				ST		44	2022-08-25		13	18	18	18	4.2	1.35	2.85	fly tape residue; dead flies	large grained sawdust	large grained sawdust; brown pupa; white pupa	17.3	68	2					Y	brown pupa	17	5			Y		Y	
S_ba0589e8	4	94	Human Excrement Compost				AR		45	2022-09-01		14	22.5	23	22.75	4.2	1.35	2.85		Large grained sawdust	Large grained sawdust	17.8	66	2.1					Y	dark black larva	15	5			Y			Y
S_989eac46	4	95	Human Excrement Compost				KVO		46	2022-09-08		15	20	20	20	4.2	1.35	2.85		Large grained sawdust	Large grained sawdust: air pocket	17.1	72	2					N			5			Y		Y	
S_766fad32	4	96	Human Excrement Compost				KVO		47	2022-09-15		16	16.5	16	16.25	4.1	1.35	2.75		Large grained sawdust	Large grained sawdust; feces	14.5	60	2					N			5.5			Y			Y
S_42a4bba2	4	97	Human Excrement Compost				KVO		48	2022-09-22		17	18.5	19	18.75	4.1	1.35	2.75		Large grained sawdust	Large grained sawdust; feces	16.7	75	2					N			5.5			Y		Y	
S_70ec96b2	4	98	Human Excrement Compost				KVO		49	2022-09-29		18	15.5	15	15.25	4.2	1.35	2.85		Large grained sawdust	Large grained sawdust; large air pocket	14.3	62	2					N			5.5			Y			Y
S_0f042e66	4	99	Human Excrement Compost				KVO		50	2022-10-06		19	15.5	16	15.75	4.2	1.35	2.85		Large grained sawdust	Large grained sawdust; large air pocket	13.4	73	2					N			4.5			Y		Y	
S_8fb7158e	4	100	Human Excrement Compost				KVO		51	2022-10-13		20	14.5	15	14.75	4.1	1.35	2.75		Large grained sawdust	Large grained sawdust	11.6	62	2					N			4.5			Y			Y
S_49bb834d	4	101	Human Excrement Compost				KVO		52	2022-10-20		1	15.5	16	15.75	4.1	1.35	2.75		Large grained sawdust	Large grained sawdust	12.4	72	2					N			4.5			Y	Y	Y	
S_e5fc5a83	4		Human Excrement Compost				PI			2023-08-03		19	19	19	19	3.7	1.3	2.4		large grained sawdust, dead flies	large grained sawdust, dead flies	17.2	64	2					N			5	Samples collected; DNA not extracted					
S_5afa94c0	5	1	Bulking Material				Participant	Coconut Coir		2021-10-07																									Y	Y		Y
S_5751894	5	2	Inside Toilet Pre Use				Participant			2021-10-07																									Y			Y
S_d2f8efe3	5	3	Inside Toilet Pre Use				JM			2021-10-27																									Y			
S_28a549a1	5	4	Inside Toilet Pre Use				JM			2021-10-27																									Y			
S_a4415b92	5	5	Soil Nearby Toilet				Participant			2021-10-07																									Y			Y
S_d4647dd6	5	6	Human Excrement				Participant			2021-10-07																									Y	Y		Y
S_90665210	5	7	Human Excrement				Participant			2021-10-14																									Y	Y		Y
S_cfe5dffb	5	8	Human Excrement				Participant			2021-10-21																									Y	Y		Y
S_e8cce9ca	5	9	Human Excrement Compost Pre-Roll				JM		1	2021-10-28	Fall	1	25	25	25	9.3	1.4	7.9		coconut coir	coconut coir; feces	12.9		3.5					N			10	Soil moisture probe broken					
S_acf507ab	5	10	Human Excrement Compost				JM		1	2021-10-28	Fall	1	26.5	28	27.25	9.3	1.4	7.9		coconut coir	coconut coir; feces	15.2		3.7					N			10	Soil moisture probe broken		Y	Y		Y
S_3e4a1f99	5	11	Human Excrement Compost Pre-Roll				JM		2	2021-11-04	Fall	2	16	14	15	9.2	1.4	7.8		coconut coir	coconut coir; feces	12.2		2.9					N			10	Soil moisture probe broken. Started taking access port images; bucket images; and vent tube deep					
S_0948e1f5	5	12	Human Excrement Compost				JM		2	2021-11-04	Fall	2	16.5	15	15.75	9.2	1.4	7.8		coconut coir	coconut coir; feces	12.4		2.9					N			9.75	Soil moisture probe broken. Started taking access port images; bucket images; and vent tube deep		Y		Y	
S_9720051a	5	13	Human Excrement Compost Pre-Roll				JM		3	2021-11-11	Fall	3	19	18	18.5	9.2	1.4	7.8		coconut coir	coconut coir; feces	12.1	95	2.2					N			10						
S_1fd8f153	5	14	Human Excrement Compost				JM		3	2021-11-11	Fall	3	18.5	18	18.25	9.2	1.4	7.8		coconut coir	coconut coir; feces	13	95	2.6					N			10			Y			Y
S_662f070a	5	15	Human Excrement Compost Pre-Roll				JM		4	2021-11-18	Fall	4	19	19	19	9	1.4	7.6		coconut coir	coconut coir; feces	11.2	70	2.2					N			10						
S_de52b421	5	16	Human Excrement Compost				JM		4	2021-11-18	Fall	4	19	18	18.5	9	1.4	7.6		coconut coir	coconut coir; feces	12.5	95	2.1					N			10	During rolling there was an anaerobic putrid smell from vent tube		Y		Y	
S_4df41d32	5	17	Human Excrement Compost Pre-Roll				JM		5	2021-11-24	Fall	5	11.5	12	11.75	9.1	1.4	7.7		coconut coir	coconut coir	12		2.3					N			8	Changed pH paper to Hydrion					
S_f3a76506	5	18	Human Excrement Compost				JM		5	2021-11-24	Fall	5	11	11	11	9.1	1.4	7.7		coconut coir	coconut coir	11.5		1.8					N			7.6			Y			Y
S_2d669222	5	19	Human Excrement Compost Pre-Roll				JM		6	2021-12-02	Fall	6	15	14	14.5	9	1.4	7.6		coconut coir	coconut coir; feces	10.8	100	2.2					N			8	Putrid sewer smell coming from access port and vent tube					
S_5d082f2c	5	20	Human Excrement Compost				JM		6	2021-12-02	Fall	6	15	14	14.5	9	1.4	7.6		coconut coir	coconut coir; feces	10.5	100	2.2					N			8	Putrid sewer smell coming from access port and vent tube		Y		Y	
S_41d3b584	5	21	Human Excrement Compost Pre-Roll				JM		7	2021-12-09	Fall	7	12	11	11.5	9.1	1.4	7.7		coconut coir	feces; fluid	11.4	100	2.1					Y	brown pupa	4	7.5	Putrid sewer smell coming from access port and vent tube; horrible smell when rolling and when opened the top. Added 0.4 kg pine shavings.					
S_0528e11c	5	22	Bulking Material				JM	Pine Shavings	7	2021-12-09	Fall																								Y			Y
S_ad6211ef	5	23	Human Excrement Compost				JM		7	2021-12-09	Fall	7	12	11	11.5	9.5	1.4	8.1		coconut coir	coconut coir; pine shavings	11.3	100	1.7					N			7.6	Mixing appears to be effective		Y			Y
S_48470c46	5	24	Human Excrement Compost Pre-Roll				JM		8	2021-12-16	Fall	8	10	9	9.5	9.4	1.4	8		coconut coir	air pocket	9.5		2.4					N			7	Added 0.1 kg pine shavings					
S_c53c884d	5	25	Bulking Material				JM	Pine Shavings	8	2021-12-16	Fall																								Y			Y
S_c303a0f7	5	26	Human Excrement Compost				JM		8	2021-12-16	Fall	8	16	10	13	9.5	1.4	8.1		coconut coir	air pocket; coconut coir	9.7		2					N			7.4	Soil moisture probe broken. Started taking access port images; bucket images; and vent tube deep		Y		Y	
S_c1bdd5b8	5	27	Human Excrement Compost Pre-Roll				JM		9	2021-12-23		16	11	11	11	9.5	1.4	8.1		coconut coir	air pocket; coconut coir; feces; toilet paper; pine shavings	12.4	100	2					N			7						
S_a8eaa45d	5	28	Human Excrement Compost				JM		9	2021-12-23		16	10.5	11	10.75	9.5	1.4	8.1		coconut coir	pine shavings; feces; coir	12	100	2.2					N			7.6			Y			Y
S_151a48da	5	29	Human Excrement Compost Pre-Roll				JM		10	2021-12-30		17	8	9	8.5	9.5	1.4	8.1		coconut coir	coconut coir; pine shavings	9	100	2					N			7.2						
S_14aeaa5c	5	30	Human Excrement Compost				JM		10	2021-12-30		17	8	9	8.5	9.5	1.4	8.1		coconut coir	coconut coir; pine shavings	9	100	2.2					N			7.6	Putrid smell comibng from vent tube during rolling		Y		Y	
S_cddc37a3	5	31	Human Excrement Compost Pre-Roll				JM		11	2022-01-06		18	13	12	12.5	9.5	1.4	8.1		coconut coir	coconut coir; pine shavings	10.4	100	2.1					N			8.5	Sewer smell coming from bucket					
S_5825799a	5	32	Human Excrement Compost				JM		11	2022-01-06		18	13	12	12.5	9.5	1.4	8.1		coconut coir	coconut coir; pine shavings	10.3	100	2.1					N			7.5	Bucket rotation appears to be working		Y			Y
S_8d33b7ec	5	33	Human Excrement Compost Pre-Roll				JM		12	2022-01-13		19	9	9	9	9.5	1.4	8.1		coconut coir	coconut coir; pine shavings	10.3	100	2					N			7	Sewer smell coming from bucket					
S_239ad325	5	34	Human Excrement Compost				JM		12	2022-01-13		19	9	9	9	9.5	1.4	8.1		coconut coir	coconut coir; pine shavings	10.3	100	2.1					N			7			Y		Y	
S_74a51415	5	35	Human Excrement Compost Pre-Roll				JM		13	2022-01-20		20	11	10	10.5	9.5	1.4	8.1		coconut coir	coconut coir; pine shavings	9.6	62	2					N			7.5						
S_5466c13f	5	36	Human Excrement Compost				JM		13	2022-01-20		20	11	10	10.5	9.5	1.4	8.1		coconut coir	coconut coir; pine shavings; two small black flies	9.5	100	2.1					N			7	Putrid sewer smell coming from vent tube when rolling		Y			Y
S_97259980	5	37	Human Excrement Compost Pre-Roll				JM		14	2022-01-27		1	9	9	9	9.5	1.4	8.1		coconut coir	feces; pine shavings; coconut coir	9.2	100	2					N			7						
S_5f5c31dc	5	38	Human Excrement Compost				JM		14	2022-01-27		1	9	9	9	9.5	1.4	8.1		coconut coir	feces; pine shavings; coconut coir	8.9	93	2					N			7			Y		Y	
S_261b9afe	5	39	Human Excrement Compost Pre-Roll				JM		15	2022-02-03		2	7	6	6.5	9.5	1.4	8.1		coconut coir	pine shavings; coconut coir	7	64	2					N			7.6	Sewer smell coming from bucket					
S_fb72b246	5	40	Human Excrement Compost				JM		15	2022-02-03		2	7	6	6.5	9.5	1.4	8.1		coconut coir	pine shavings; coconut coir	7	95	2					N			6.8			Y			Y
S_972e0cd9	5	41	Human Excrement Compost Pre-Roll				LM		16	2022-02-10		3	12	11	11.5	9.5	1.4	8.1	small dead flies	coconut coir; pine shavings	pine shavings; coconut coir	9.7	77	2					N			7.5						
S_cb6eacb3	5	42	Human Excrement Compost				LM		16	2022-02-10		3	11.5	11	11.25	9.5	1.4	8.1		coconut coir; pine shavings	pine shavings; coconut coir	10	81	2					N			7.5			Y		Y	
S_9be5a9c8	5	43	Human Excrement Compost Pre-Roll				JM		17	2022-02-17		4	12	10	11	9.4	1.4	8		coconut coir	pine shavings; coconut coir	9.8	100	2					N			8	Sewer smell coming from bucket					
S_288d4363	5	44	Human Excrement Compost				JM		17	2022-02-17		4	12	11	11.5	9.4	1.4	8		coconut coir	pine shavings; coconut coir	10.2	69	2					N			8			Y			Y
S_53e28c4a	5	45	Human Excrement Compost Pre-Roll				JM		18	2022-02-24		5	12.5	12	12.25	9.5	1.4	8.1		coconut coir	pine shavings; coconut coir	9.1	100	2					N			7.5	Putrid smell comibng from vent tube during rolling					
S_dd1ed8fe	5	46	Human Excrement Compost				JM		18	2022-02-24		5	13.5	12	12.75	9.5	1.4	8.1		coconut coir	pine shavings; coconut coir	9.7	73	2					N			7.6			Y	Y	Y	
S_70f4ae70	5	47	Human Excrement Compost Pre-Roll				JM		19	2022-03-03		6	15	14	14.5	9.4	1.4	8		coconut coir	pine shavings; coconut coir	10.8	100	2					N			7						
S_e458e711	5	48	Human Excrement Compost				JM		19	2022-03-03		6	14	13	13.5	9.4	1.4	8		coconut coir	pine shavings; coconut coir	10.7	87	2					N			7			Y			Y
S_f49e395a	5	49	Human Excrement Compost Pre-Roll				TL		20	2022-03-08		7	9	8.5	8.75	9.4	1.4	8		coconut coir	pine shavings; coconut coir	9.3	62	2					N			6.9						
S_85d07fc9	5	50	Human Excrement Compost				TL		20	2022-03-08		7	9	8.5	8.75	9.4	1.4	8		coconut coir	pine shavings; coconut coir	9.2	84	2					N			6.9			Y		Y	
S_fadba06b	5	51	Human Excrement Compost Pre-Roll				TL		21	2022-03-24		8	16.5	17	16.75	9.4	1.4	8	small dead flies	small live black flies; coconut coir	pine shavings; coconut coir	11.5	100	2					N			6.8						
S_441cf70e	5	52	Human Excrement Compost				TL		21	2022-03-24		8	16.5	18	17.25	9.4	1.4	8		small live black flies; coconut coir	pine shavings; coconut coir	12.2	100	2					N			6.6			Y			Y
S_c8eae8b1	5	53	Human Excrement Compost Pre-Roll				TL		22	2022-03-31		9	14.5	15	14.75	9.3	1.4	7.9	small dead flies	small live black flies; coconut coir	coconut coir; feces	12.2	85	2					Y	small black flies	too fast to measure	6.6						
S_0cf80ea3	5	54	Human Excrement Compost				TL		22	2022-03-31		9	14	14	14	9.3	1.4	7.9		small live black flies; coconut coir	coconut coir; pine shavings	12.6	70	2					N			6.8			Y		Y	
S_9b3ad4e8	5	55	Human Excrement Compost Pre-Roll				TL		23	2022-04-07		10	20	17	18.5	9.3	1.4	7.9		small live black flies; coconut coir	coconut coir; pine shavings; live black flies	13.3	100	2					N			5.5						
S_1b679a48	5	56	Human Excrement Compost				TL		23	2022-04-07		10	19	17	18	9.3	1.4	7.9		small live black flies; coconut coir	coconut coir; pine shavings	13.7	100	2					N			5.5			Y			Y
S_8e4c9fa8	5	57	Human Excrement Compost Pre-Roll				LW		24	2022-04-14		11	17.5	16	16.75	9.3	1.4	7.9		small live black flies; coconut coir	coconut coir; pine shavings	11.6	91	2					N			5						
S_767d723d	5	58	Human Excrement Compost				JM		24	2022-04-14		11	17	16	16.5	9.3	1.4	7.9		small live black flies; coconut coir	coconut coir; pine shavings	11.8	72	2					N			5.5			Y		Y	
S_44a32988	5	59	Human Excrement Compost Pre-Roll				ST		25	2022-04-21		12	15	15	15	9.1	1.4	7.7		coconut coir; small live black flies	coconut coir; pine shavings	13.3	100	2					N			4						
S_ec4b1c00	5	60	Human Excrement Compost				ST		25	2022-04-21		12	15	14.5	14.75	9.1	1.4	7.7		coconut coir; small live black flies	coconut coir; pine shavings	13.7	80	2					N			4			Y			Y
S_05f2ca06	5	61	Human Excrement Compost Pre-Roll				TL		26	2022-04-28		13	15	13	14	9.2	1.4	7.8		pine shavings; coconut coir	coconut coir;pine shavings	11.8	88	2					N			5.5						
S_56328d2a	5	62	Human Excrement Compost				TL		26	2022-04-28		13	15	13	14	9.2	1.4	7.8		pine shavings; coconut coir	coconut coir; pine shavings; white fungus	12.3	100	2					N			5.5			Y		Y	
S_5e9239f8	5	63	Human Excrement Compost Pre-Roll				TL		27	2022-05-05		14	15	14	14.5	9.2	1.4	7.8		coconut coir; live black flies	pine shavings; coconut coir; feces	12.1	100	2					N			5						
S_8e3a6455	5	64	Human Excrement Compost				TL		27	2022-05-05		14	16	14	15	9.2	1.4	7.8		coconut coir; live black flies	pine shavings; coconut coir; feces; live black flies	12.8	100	2					N			5			Y			Y
S_68e50529	5	65	Human Excrement Compost Pre-Roll				TL		28	2022-05-12		15	11	10	10.5	9.1	1.4	7.7		coconut coir; live black flies	pine shavings; coconut coir; live black flies	11.5	97	2					N			5						
S_984f3152	5	66	Human Excrement Compost				TL		28	2022-05-12		15	12	10	11	9.1	1.4	7.7		coconut coir; live black flies	pine shavings; coconut coir; live black flies	11.7	95	2					N			5			Y		Y	
S_28d451af	5	67	Human Excrement Compost Pre-Roll				ST		29	2022-05-19		16	17	16	16.5	9.1	1.4	7.7	sawdust; small live and dead flies	coconut coir; live black flies	pine shavings; coconut coir; feces	15.8	100	2					N			5						
S_b4fcb81d	5	68	Human Excrement Compost				ST		29	2022-05-19		16	18	17.5	17.75	9.1	1.4	7.7		coconut coir; live black flies	pine shavings; coconut coir; live black flies	16.1	100	2					N			5			Y			Y
S_4d604abb	5	69	Human Excrement Compost Pre-Roll				ST		30	2022-05-26		17	20.5	20	20.25	9.1	1.4	7.7		coconut coir; live black flies	pine shavings; feces; coconut coir; live black flies	15.3	100	2					N			4.5						
S_3ec987ed	5	70	Human Excrement Compost				ST		30	2022-05-26		17	22	20	21	9.1	1.4	7.7		coconut coir; live black flies	pine shavings; feces; coconut coir	16.1	74	2					N			5			Y		Y	
S_e3fe5ce2	5	71	Human Excrement Compost Pre-Roll				ST		31	2022-06-02		18	18	19	18.5	9.2	1.4	7.8		coconut coir; live black flies	pine shavings; feces; coconut coir	15	100	2					N			5						
S_dff4db08	5	72	Human Excrement Compost				ST		31	2022-06-02		18	19	20	19.5	9.2	1.4	7.8		coconut coir; live black flies	pine shavings; feces; coconut coir	15.5	100	2					Y	live black flies	too fast to measure	5			Y			Y
S_8b59b3b6	5	73	Human Excrement Compost Pre-Roll				ST		32	2022-06-09		19	20	21.5	20.75	9.1	1.4	7.7		coconut coir; live black flies	pine shavings; feces; coconut coir; live black flies	18.4	100	2					N			5						
S_fa7fbe67	5	74	Human Excrement Compost				ST		32	2022-06-09		19	20	21.5	20.75	9.1	1.4	7.7		coconut coir; live black flies	pine shavings; feces; coconut coir; live black flies	18.6	100	2					N			5			Y		Y	
S_5dea6775	5	75	Human Excrement Compost Pre-Roll				ST		33	2022-06-16		20	23	22	22.5	9.2	1.4	7.8		coconut coir	pine shavings; feces; coconut coir	17.1	100	2					N			6						
S_aa898e40	5	76	Human Excrement Compost				ST		33	2022-06-16		20	23	22	22.5	9.2	1.4	7.8		coconut coir	pine shavings; feces; coconut coir; live black flies	18.4	100	2					Y	live black flies	too fast to measure	5			Y			Y
S_05f013a9	5	77	Human Excrement Compost Pre-Roll				ST		34	2022-06-23		1	23.5	23	23.25	9	1.4	7.6	live and dead small black flies	coconut coir; live black flies	pine shavings; coconut coir; feces	15.7	100	2					N			4.5						
S_7279ac09	5	78	Human Excrement Compost				ST		34	2022-06-23		1	23	22	22.5	9	1.4	7.6		coconut coir; live black flies	pine shavings; coconut coir; feces	16.1	100	2					N			4.5			Y		Y	
S_2a24dc2d	5	79	Human Excrement Compost Pre-Roll				ST		35	2022-06-30		2																										
S_3f878119	5	80	Human Excrement Compost				ST		35	2022-06-30		2	21	19	20	9.1	1.4	7.7	live small black flies	coconut coir	pine shavings; coconut coir; feces	16.7	100	2					N			4.5			Y	Y		Y
S_07cbc954	5	81	Human Excrement Compost Pre-Roll				JM		36			3																										
S_79c44a90	5	82	Human Excrement Compost				ST		36	2022-07-07		3	22	21	21.5	9.2	1.4	7.8	live and dead small black flies	coconut coir; live black flies	pine shavings; coconut coir; feces	16.4	100	2					N			5			Y		Y	
S_ae8023f9	5	83	Human Excrement Compost Pre-Roll				JM		37			4																										
S_a36af1af	5	84	Human Excrement Compost				ST		37	2022-07-14		4	24	23	23.5	9	1.4	7.6	live and dead small black flies	coconut coir	pine shavings; coconut coir; feces	19.5	100	2					N			6.5			Y			Y
S_9117bdf1	5	85	Human Excrement Compost				ST		38	2022-07-21		5	20.5	21	20.75	8.8	1.4	7.4	live and dead small black flies	coconut coir; live black flies	pine shavings; coconut coir; feces	18	100	2					N			6.5			Y		Y	
S_5e0fa318	5	86	Human Excrement Compost				ST		39	2022-07-28		6	21	20	20.5	9.1	1.4	7.7	live and dead small black flies	coconut coir; live black flies	pine shavings; coconut coir; feces	18.1	100	2					N			6.5			Y			Y
S_1a5d1306	5	87	Human Excrement Compost				ST		40	2022-08-04		7	18	18	18	8.9	1.4	7.5	live and dead small black flies	coconut coir; live black flies	pine shavings; coconut coir; feces	18.3	100	2					N			6.5			Y		Y	
S_30d464c3	5	88	Human Excrement Compost				ST		41	2022-08-11		8	19	19	19	8.9	1.4	7.5	live and dead small black flies	coconut coir; live black flies	pine shavings; coconut coir; feces	17.7	100	2					N			6.5			Y			Y
S_2a426212	5	89	Human Excrement Compost				JM		42	2022-08-18		9	21.5	22	21.75	8.9	1.4	7.5		coconut coir; live black flies	pine shavings; coconut coir; feces	18.5	100	2					N			6.5			Y		Y	
S_bc9e6228	5	90	Human Excrement Compost				ST		43	2022-08-25		10	18	18	18	8.9	1.4	7.5	fly tape residue	coconut coir	pine shavings; coconut coir; feces	17.4	100	2					N			5			Y			Y
S_af00d0e0	5	91	Human Excrement Compost				AR		44	2022-09-01		11	24	24	24	8.9	1.4	7.5		coconut coir	coconut coir; pine shavings	17.6	90	2					N			5			Y		Y	
S_5eed385b	5	92	Human Excrement Compost				KVO		45	2022-09-08		12	21	21	21	9	1.4	7.6		coconut coir	coconut coir; feces	17.1	100	2					N			5.5			Y			Y
S_c04b4122	5	93	Human Excrement Compost				AR		46	2022-09-15		13	17	17	17	8.9	1.4	7.5		coconut coir	coconut coir; feces	14.7	100	2					N			5.5			Y		Y	
S_4dc3ca4d	5	94	Human Excrement Compost				AR		47	2022-09-22		14	19	19	19	8.8	1.4	7.4		coconut coir	coconut coir; pine shavings	16.6	100	2					N			5.5			Y			Y
S_b07d7333	5	95	Human Excrement Compost				KVO		48	2022-09-29		15	15	15	15	8.8	1.4	7.4		coconut coir	coconut coir; pine shavings	14.7	100	2					N			5.5			Y		Y	
S_9bf8df96	5	96	Human Excrement Compost				KVO		49	2022-10-06		16	14.5	15	14.75	8.9	1.4	7.5		coconut coir	coconut coir; pine shavings; feces	13.9	100	2					N			6			Y			Y
S_7e241670	5	97	Human Excrement Compost				KVO		50	2022-10-13		17	14.5	15	14.75	8.8	1.4	7.4		coconut coir	feces majority; pine shavings; coconut coir	12.3	100	2					N			6			Y		Y	
S_53aa0335	5	98	Human Excrement Compost				KVO		51	2022-10-20		18	15.5	17	16.25	8.8	1.4	7.4		coconut coir	pine shavings; feces; feces; coconut coir	11.7	100	2					N			6			Y			Y
S_a198c821	5	99	Human Excrement Compost				KVO		52	2022-10-27		19	17.5	16	16.75	8.7	1.4	7.3		coconut coir	pine shavings; feces; coconut coir	10.4	100	2					N			6			Y	Y	Y	
S_4e46901f	5		Human Excrement Compost				PI			2023-08-03		16	20	19	19.5	8.3	1.4	6.9		inconclusive	inconclusive	17.5	100	2					N			6.75	Samples collected; DNA not extracted					
S_c60b0356	6	1	Bulking Material				Participant	Fine Grained Sawdust		2021-10-30																									Y	Y		Y
S_d3e7da34	6	2	Inside Toilet Pre Use				Participant			2021-10-31																									Y			Y
S_ad1194ff	6	3	Soil Nearby Toilet				Participant			2021-10-31																									Y			Y
S_abefcafc	6	4	Human Excrement				Participant			2021-10-31																									Y	Y		Y
S_466c7476	6	5	Human Excrement				Participant			2021-11-08																									Y	Y		Y
S_9c7a7b7e	6	6	Human Excrement				Participant			2021-11-15																									Y	Y		Y
S_016287d9	6	7	Bulking Material				Participant	Pine Shavings		2021-12-07																							Added 0.1 kg of pine shavings		Y			Y
S_f746db3b	6	8	Human Excrement Compost Pre-Roll				JM		1	2021-11-23	Fall	4	15	15	15	7.6	1.35	6.25		fine graind sawdust; dried liquid residue	fine grained sawdust; toilet paper	14		1.9					N			8.2	Sewer smell coming from bucket					
S_bf6bd3ed	6	9	Human Excrement Compost				JM		1	2021-11-23	Fall	4	16	15	15.5	7.6	1.35	6.25		fine grained sawdust; dried liquid residue	fine grained sawdust; toilet paper	13.3		2					N			8	Sewer smell coming from bucket		Y	Y		Y
S_0de88e67	6	10	Human Excrement Compost Pre-Roll				JM		2	2021-11-30	Fall	5	19	19	19	7.3	1.35	5.95	white larvae	fine grained sawdust; white larvae	feces; white larvae	13.5	100						N				Sewer smell coming from bucket					
S_625536aa	6	11	Human Excrement Compost				JM		2	2021-11-30	Fall	5	18	19	18.5	7.3	1.35	5.95		fine grained sawdust; white larvae	feces; white larvae	13.7	100						N						Y		Y	
S_092f5ddd	6	12	Human Excrement Compost Pre-Roll				JM		3	2021-12-07	Fall	6	15	15	15	7.3	1.35	5.95	white larvae	fine grained sawdust; dried liquid residue	feces; white larvae	12.3	100						N				Added 0.1 kg of pine shavings. Upon opening bucket Horrible putrid smell and extremely high number of white larvae. Bucket was 1/4 full					
S_46a4f254	6	13	Bulking Material				JM	Pine Shavings	3	2021-12-07	Fall																								Y			Y
S_80b17f00	6	14	Human Excrement Compost				JM		3	2021-12-07	Fall	6	15	15	15	7.3	1.35	5.95		fine grained sawdust; dried liquid residue	feces; white larvae; pine shavings	12.6							N						Y			Y
S_f9d278fd	6	15	Human Excrement Compost Pre-Roll				JM		4	2021-12-14	Fall	7	14.5	14	14.25	7.7	1.35	6.35	white larva	fine grained sawdust; dried liquid residue	feces; white larvae; pine shavings	12.5	98						N				Added 0.2 kg of pine shavings					
S_080c4b44	6	16	Bulking Material				JM	Pine Shavings	4	2021-12-14	Fall																								Y			Y
S_4b079575	6	17	Human Excrement Compost				JM		4	2021-12-14	Fall	7	14.5	15	14.75	7.9	1.35	6.55		fine grained sawdust; dried liquid residue	feces; white larvae; pine shavings	12.4		1.8					Y	white larvae	56	8	Putrid smell comibng from vent tube during rolling		Y		Y	
S_bdd67c0e	6	18	Human Excrement Compost Pre-Roll				JM		5	2021-12-21	Fall	8	11	10	10.5	7.9	1.35	6.55		fine grained sawdust; dried liquid residue	white larvae; pine shavings	11.5	100	2					N			8						
S_caf9ff4a	6	19	Human Excrement Compost				JM		5	2021-12-21	Fall	8	10.5	11	10.75	7.9	1.35	6.55		fine grained sawdust; dried liquid residue	pine shavings	10.5	83	2.1					Y	white larva	5	7.4	Rolling mixed pine shavings from the top and they were obviously visible from access port.		Y			Y
S_fe1d4b00	6	20	Human Excrement Compost Pre-Roll				JM		6	2021-12-28	Fall	9	9	10	9.5	7.9	1.35	6.55		fine grained sawdust; dried liquid residue	pine shavings	10.5	36	2					Y	white larvae	3	7	Soil moisture probe broken. Started taking access port images; bucket images; and vent tube deep					
S_027ff912	6	21	Human Excrement Compost				JM		6	2021-12-28	Fall	9	9	9	9	7.9	1.35	6.55		fine grained sawdust; dried liquid residue	feces; pine shavings	10.1	100						N			7			Y		Y	
S_953a4687	6	22	Human Excrement Compost Pre-Roll				JM		7	2022-01-04	Fall	10	13	12	12.5	7.8	1.35	6.45		pine shavings; dried residue	pine shavings	11.2	100	2					N			8	Soil moisture probe broken. Started taking access port images; bucket images; and vent tube deep					
S_0626d88a	6	23	Human Excrement Compost				JM		7	2022-01-04	Fall	10	12.5	10	11.25	7.8	1.35	6.45		pine shavings; dried residue	pine shavings feces; white larvae	11	100	2					N			8			Y			Y
S_0eb8e37c	6	24	Human Excrement Compost Pre-Roll				JM		8	2022-01-11	Fall	11	9	9	9	7.8	1.35	6.45		pine shavings; dried residue	pine shavings; white larvae	10.9	94	2.2					N			7.6	Sewer smell coming from bucket					
S_622e7332	6	25	Human Excrement Compost				JM		8	2022-01-11	Fall	11	10	10	10	7.8	1.35	6.45		pine shavings; dried residue	pine shavings	10.7	100	2.1					N			7.4			Y		Y	
S_d0bdb311	6	26	Human Excrement Compost Pre-Roll				JM		9	2022-01-19		12	11	10	10.5	7.8	1.35	6.45		pine shavings; dried residue	pine shavings	11	100	2.1					N			7						
S_9350f207	6	27	Human Excrement Compost				JM		9	2022-01-19		12	12	11	11.5	7.8	1.35	6.45		pine shavings; dried residue	pine shavings	10.9	100	2					N			7.3			Y			Y
S_2a8e7cc7	6	28	Human Excrement Compost Pre-Roll				JM		10	2022-01-25		13	10.5	10	10.25	7.8	1.35	6.45		pine shavings; dried residue	pine shavings; large air pocket	11.6	100	2					N			7.5						
S_b8f2e781	6	29	Bulking Material				JM	Pine Shavings	10	2022-01-25																									Y			Y
S_dc34113d	6	30	Human Excrement Compost				JM		10	2022-01-25		13	11.5	11	11.25	7.8	1.35	6.45		pine shavings; dried residue	pine shavings; feces	11.1	100	2					N			7.5	Putrid sewer smell coming from access port and vent tube; horrible smell when rolling; added 0.1 kg of pine shavings		Y		Y	
S_831c7c6f	6	31	Human Excrement Compost Pre-Roll				JM		11	2022-02-01		14	9.5	10	9.75	8	1.35	6.65		fine grained sawdust	pine shavings	10.7	100	2					N			7.5						
S_430c8c3c	6	32	Human Excrement Compost				JM		11	2022-02-01		14	10	10	10	8	1.35	6.65		fine grained sawdust	pine shavings	10.3	100	2					N			7.5			Y			Y
S_304842ea	6	33	Human Excrement Compost Pre-Roll				LM		12	2022-02-08		15	12	9	10.5	7.8	1.35	6.45		fine grained sawdust	pine shavings	9.5	90	2					N			7.7						
S_f034780c	6	34	Human Excrement Compost				LM		12	2022-02-08		15	10.5	9	9.75	7.8	1.35	6.45		fine grained sawdust	pine shavings	9.6	100	2					N			7.7			Y		Y	
S_ba2b3ddd	6	35	Human Excrement Compost Pre-Roll				JM		13	2022-02-15		16	12.5	11	11.75	7.8	1.35	6.45		dried brown residue	pine shavings	10.7	91	2					N			7	Putrid smell comibng from vent tube during rolling					
S_553d5856	6	36	Human Excrement Compost				JM		13	2022-02-15		16	11.5	11	11.25	7.8	1.35	6.45		dried brown residue	pine shavings	10.5	78	2					N			7.3			Y			Y
S_763e67aa	6	37	Human Excrement Compost Pre-Roll				LM		14	2022-02-22		17	8	8	8	7.8	1.35	6.45		dried brown residue	pine shavings	10.1	72	2					N			7.3	Sewer smell coming from bucket					
S_4881fa00	6	38	Human Excrement Compost				LM		14	2022-02-22		17	9	9	9	7.8	1.35	6.45		dried brown residue	pine shavings	9.1	55	2					N			7.5			Y		Y	
S_75bdd1bf	6	39	Human Excrement Compost Pre-Roll				TL		15	2022-03-01		18	12	11	11.5	7.7	1.35	6.35		feces; pine shavings	pine shavings	10.4	43	2					N			7.5	Sewer smell coming from bucket					
S_4b7c8fb7	6	40	Human Excrement Compost				TL		15	2022-03-01		18	11	11	11	7.7	1.35	6.35		feces; pine shavings	pine shavings	10.2	49	2					N			7.5			Y			Y
S_e4bbe20b	6	41	Human Excrement Compost Pre-Roll				TL		16	2022-03-08		19	8.5	9	8.75	7.7	1.35	6.35	3 small dead black flies	brown residue	pine shavings	9.5	53	2					N			7.5						
S_d37d02ab	6	42	Human Excrement Compost				TL		16	2022-03-08		19	7.5	8	7.75	7.7	1.35	6.35		brown residue	pine shavings	9	100	2					N			7.5			Y		Y	
S_d20c0b0b	6	43	Human Excrement Compost Pre-Roll				JY		17	2022-03-22		20	12	11	11.5	7.8	1.35	6.45		brown residue; pine shavings	pine shavings	10.7	56	2					N			7.5						
S_f97a8a9a	6	44	Human Excrement Compost				JY		17	2022-03-22		20	12	11	11.5	7.8	1.35	6.45		brown residue; pine shavings	pine shavings	10.8	54	2					N			7.5			Y			Y
S_2f8ffd17	6	45	Human Excrement Compost Pre-Roll				TL		18	2022-03-29		1	11	11	11	7.7	1.35	6.35	several small dead black flies	brown residue	pine shavings	12.6	100	2					N			7.5	Putrid smell comibng from vent tube during rolling					
S_8a97b27f	6	46	Human Excrement Compost				TL		18	2022-03-29		1	12	12	12	7.7	1.35	6.35		brown residue	pine shavings	12.1	100	2					N			7.5			Y	Y	Y	
S_daf2c128	6	47	Human Excrement Compost Pre-Roll				TL		19	2022-04-05		2	17	17	17	7.8	1.35	6.45	small dead flies	brown residue	pine shavings	13.9	76	2					N			7.5						
S_14f2c681	6	48	Human Excrement Compost				TL		19	2022-04-05		2	15	15	15	7.8	1.35	6.45		brown residue	pine shavings	14.6	100	2					N			7.5			Y			Y
S_642c2fcc	6	49	Human Excrement Compost Pre-Roll				TL		20	2022-04-12		3	17.5	17	17.25	7.7	1.35	6.35		brown residue	pine shavings	14.3	100	2					N			7						
S_41ca988f	6	50	Human Excrement Compost				TL		20	2022-04-12		3	14.5	15	14.75	7.7	1.35	6.35		brown residue	pine shavings	14.1	51	2					N			7.5			Y		Y	
S_63c5496b	6	51	Human Excrement Compost Pre-Roll				TL		21	2022-04-19		4	17	13	15	7.8	1.35	6.45		brown residue	pine shavings	13.3	100	2					N			7						
S_6888a544	6	52	Human Excrement Compost				TL		21	2022-04-19		4	16	15	15.5	7.8	1.35	6.45		brown residue	pine shavings	13.4	83	2					N			7			Y			Y
S_e3097a71	6	53	Human Excrement Compost Pre-Roll				TL		22	2022-04-26		5	16	17	16.5	7.7	1.35	6.35		brown residue	pine shavings	11.1		2					N			7						
S_fbee14e4	6	54	Human Excrement Compost				TL		22	2022-04-26		5	14	14	14	7.7	1.35	6.35		brown residue	pine shavings	11		2					N			7			Y		Y	
S_a3496197	6	55	Human Excrement Compost Pre-Roll				TL		23	2022-05-03		6	18.5	20	19.25	7.6	1.35	6.25		pine shavings	feces; pine shavings	13.2	95	2					N			7						
S_5c9a1978	6	56	Human Excrement Compost				TL		23	2022-05-03		6	15	15	15	7.6	1.35	6.25		pine shavings	feces; pine shavings	13.1	100	2					N			7			Y			Y
S_46444f8c	6	57	Human Excrement Compost Pre-Roll				ST		24	2022-05-10		7	21	19	20	7.7	1.35	6.35	Small dead flies	pine shavings	feces; pine shavings; air pocket	13	80	2					N			7						
S_0794bfe3	6	58	Human Excrement Compost				ST		24	2022-05-10		7	16	15	15.5	7.7	1.35	6.35		pine shavings	feces; pine shavings	12.5	82	2					N			7.5			Y		Y	
S_d60045b7	6	59	Human Excrement Compost Pre-Roll				LW		25	2022-05-17		8	16	16	16	7.6	1.35	6.25	small dead flies	pine shavings	feces; pine shavings	14.3	69	2					N			7.5						
S_b9aa13c6	6	60	Human Excrement Compost				LW		25	2022-05-17		8	17	16	16.5	7.6	1.35	6.25		pine shavings	feces; pine shavings	14.1	100	2					N			8			Y			Y
S_f33a1fff	6	61	Human Excrement Compost Pre-Roll				LW		26	2022-05-24		9	14	14	14	7.6	1.35	6.25		pine shavings	feces; pine shavings	12.8	100	2					N			7.5						
S_d7a1492d	6	62	Human Excrement Compost				LW		26	2022-05-24		9	14	14	14	7.6	1.35	6.25		pine shavings	feces; pine shavings	12.9	73	2					N			7.5			Y		Y	
S_af4c9dbb	6	63	Human Excrement Compost Pre-Roll				BG		27	2022-05-31		10	16	18	17	7.7	1.35	6.35	small dead flies	pineshavings	pine shavings; feces	12.8	74	2					N			6.5						
S_6f88e6b3	6	64	Human Excrement Compost				LW		27	2022-05-31		10	18	19	18.5	7.7	1.35	6.35		pineshavings	pine shavings; feces	12.6	46	2					N			6.5			Y			Y
S_e513de42	6	65	Human Excrement Compost Pre-Roll				LW		28	2022-06-07		11	21	22	21.5	7.6	1.35	6.25	live fly	pineshavings	pine shavings; feces	16.9	66	2					N			6.5						
S_e750b163	6	66	Human Excrement Compost				LW		28	2022-06-07		11	23	23	23	7.6	1.35	6.25	live fly	pineshavings	pine shavings; feces	17.1	51	2					N			6.5			Y		Y	
S_0e5fd297	6	67	Human Excrement Compost Pre-Roll				ST		29	2022-06-14		12	26.5	27	26.75	7.6	1.35	6.25		pine shavings	pine shavings; feces	15.5	100	2					N			6.5						
S_7f8a1361	6	68	Human Excrement Compost				ST		29	2022-06-14		12	21.5	21	21.25	7.6	1.35	6.25		pine shavings	pine shavings; feces	16	100	2					N			6.5			Y			Y
S_4006ecbb	6	69	Human Excrement Compost Pre-Roll				LW		30	2022-06-21		13	23.5	21	22.25	7.6	1.35	6.25		pine shavings	pine shavings; feces	15.4	32	2					N			5						
S_1bbbc1d6	6	70	Human Excrement Compost				LW		30	2022-06-21		13	23.5	21	22.25	7.6	1.35	6.25		pine shavings	pine shavings; feces; white fungus	15.2	33	2					N			5			Y		Y	
S_48fb1e02	6	71	Human Excrement Compost Pre-Roll				LW		31	2022-06-28		14	31.5	31	31.25	7.5	1.35	6.15		pine shavings	pine shavings; feces; white fungus; small live black flies	19.6	50	2					N			6						
S_5cadc5de	6	72	Human Excrement Compost				LW		31	2022-06-28		14	31.5	31	31.25	7.5	1.35	6.15		pine shavings	pine shavings; feces; small live black flies	19.9	56	2					Y	Small live black fly	too fast to measure	6			Y			Y
S_60887e1d	6	73	Human Excrement Compost Pre-Roll				JM		32			15																										
S_ce45fdfc	6	74	Human Excrement Compost				LW		32	2022-07-05		15	25	21	23	7.5	1.35	6.15		pine shavings; live black flies	pine shavings; feces; small live black flies	19.3	69	2					N			6.5			Y		Y	
S_0a8fe3d4	6	75	Human Excrement Compost Pre-Roll				JM		33			16																										
S_f40b7018	6	76	Human Excrement Compost				LW		33	2022-07-12		16	26	27	26.5	7.5	1.35	6.15		pine shavings; live black flies	pine shavings	18.7	41	2					Y	live black fly and larvae	1; 5	6.5			Y			Y
S_e1ffed5b	6	77	Human Excrement Compost				LW		34	2022-07-19		17	22	23	22.5	7.4	1.35	6.05		pine shavings; live black flies	pine shavings	20.9	86	2					N			6.5			Y		Y	
S_88b9476f	6	78	Human Excrement Compost				LW		35	2022-07-26		18	21	21	21	7.4	1.35	6.05	A small spider and fly tape residue	pine shavings; live black flies	pine shavings; small live black flies	18.6	58	2					N			6.5			Y	Y		Y
S_f72e2760	6	79	Human Excrement Compost				LW		36	2022-08-02		19	25	25	25	7.4	1.35	6.05	fly tape residue	pine shavings; live black flies	pine shavings; small live black flies	19.2	47	2					N			6.5			Y		Y	
S_1ec850ac	6	80	Human Excrement Compost				LW		37	2022-08-09		20	30	30	30	7.4	1.35	6.05	fly tape residue	pine shavings; live black flies	pine shavings	20.5	44	2					N			6.5			Y			Y
S_dd3daed3	6	81	Human Excrement Compost				JM		38	2022-08-16		1	21	20	20.5	7.4	1.35	6.05	fly tape residue	live black flies	pine shavings	17.3	100	2.1					N			6.5			Y		Y	
S_7b3c7f4a	6	82	Human Excrement Compost				LW		39	2022-08-23		2	29	28	28.5	7.4	1.35	6.05	fly tape residue	pine shavings	pine shavings	16.9	80	2					N			6.5			Y			Y
S_acf76ad0	6	83	Human Excrement Compost				JM		40	2022-08-30		3	23.5	23	23.25	7.4	1.35	6.05	fly tape residue	pine shavings	pine shavings	16.6	100	2					N			6.5			Y		Y	
S_d749dea4	6	84	Human Excrement Compost				AR		41	2022-09-06		4	20	19	19.5	7.3	1.35	5.95		pine shavings	pine shavings; feces	16.3	100	2					N			6.5			Y			Y
S_cec8e727	6	85	Human Excrement Compost				KVO		42	2022-09-13		5	20	21	20.5	7.3	1.35	5.95		pine shavings	pine shavings	16.3	100	2					N			6.5			Y		Y	
S_05a745de	6	86	Human Excrement Compost				KVO		43	2022-09-20		6	17.5	18	17.75	7.4	1.35	6.05		pine shavings	pine shavings	15.6	100	2					N			6.5			Y			Y
S_24bf88d4	6	87	Human Excrement Compost				KVO		44	2022-09-27		7	15.5	16	15.75	7.3	1.35	5.95		pine shavings; live black flies	pine shavings	15	100	2					N			6.5			Y		Y	
S_c6c9ad32	6	88	Human Excrement Compost				KVO		45	2022-10-04		8	14.5	15	14.75	7.5	1.35	6.15		pine shavings	pine shavings; feces	14.1	100	2.1					N			6.5			Y			Y
S_5f410521	6	89	Human Excrement Compost				AKW		46	2022-10-11		9	15	15	15	7.5	1.35	6.15		pine shavings	pine shavings		100	2					N			6.5			Y		Y	
S_9368f5fd	6	90	Human Excrement Compost				AKW		47	2022-10-18		10	15	15	15	7.3	1.35	5.95		pine shavings	pine shavings; feces	12.4	100	2					N			6.25			Y			Y
S_dc9c9560	6	91	Human Excrement Compost				AR		48	2022-10-25		11	18	18	18	7.2	1.35	5.85		pine shavings	pine shavings; feces	9.7	80	2					N			6.25			Y		Y	
S_6cac098b	6	92	Human Excrement Compost				KVO		49	2022-11-01		12	12	11	11.5	7.3	1.35	5.95		pine shavings	pine shavings	10.6	100	2					N			6.25			Y			Y
S_c99eec2c	6	93	Human Excrement Compost				AKW		50	2022-11-08		13	14	14	14	7.2	1.35	5.85		pine shavings	pine shavings	10.6	100	2					N			6.25			Y		Y	
S_6bf8ff8b	6	94	Human Excrement Compost				KVO		51	2022-11-15		14	12.5	12	12.25	7.2	1.35	5.85		pine shavings	pine shavings	11.9	24	2					N			6.25	Huge feces right at the entrance		Y			Y
S_25c117db	6	95	Human Excrement Compost				KVO		52	2022-11-22		15	12	12	12	7.2	1.35	5.85		pine shaving	pine shavings	8.9	100	2					N			6.25			Y	Y	Y	
S_edf4e585	6		Human Excrement Compost				PI			2023-08-03		15	21	20.5	20.75	6.8	1.35	5.45		pine shavings	pine shavings	18.1	100	2					N			7	Samples collected; DNA not extracted					
S_fb3a0ecb	7	1	Bulking Material				Participant	Fine Grained Sawdust		2021-10-30																									Y	Y		Y
S_6472ae16	7	2	Inside Toilet Pre Use				Participant			2021-10-30																									Y			Y
S_641221ac	7	3	Soil Nearby Toilet				Participant			2021-10-30																									Y			Y
S_0fc4a04a	7	4	Human Excrement				Participant			2021-10-31																									Y	Y		Y
S_ceff1902	7	5	Human Excrement				Participant			2021-11-08																									Y	Y		Y
S_906576cb	7	6	Human Excrement				Participant			2021-11-15																									Y	Y		Y
S_67e7da07	7	7	Bulking Material				Participant	Pine Shavings		2021-12-07																							Added 0.1 kg of pine shavings		Y			Y
S_53fa28b9	7	8	Human Excrement Compost Pre-Roll				JM		1	2021-11-23	Fall	2	15	15	15	4.8	1.35	3.45		small black flies; fine grained sawdust	feces; toilet paper	14.5							N				Horrible fecal-putrid smell					
S_19dbabd2	7	9	Human Excrement Compost				JM		1	2021-11-23	Fall	2	15	15	15	4.8	1.35	3.45		small black flies; fine grained sawdust	feces; fine grained sawdust; toilet paper	14.1		2					N			8			Y	Y		Y
S_5d9993cf	7	10	Human Excrement Compost Pre-Roll				JM		2	2021-11-30	Fall	4	19.5	20	19.75	4.8	1.35	3.45		white larvae; fine grained sawdust	feces; fine grained sawdust; toilet paper	16.7	53						N				Musty sewer smell when rolling					
S_ead32d98	7	11	Human Excrement Compost				JM		2	2021-11-30	Fall	4	19	19	19	4.8	1.35	3.45		fine grained sawdust; white larvae	fine grained sawdust; white larvae	15.4	86	1.9					Y	white larva	8	9.2			Y		Y	
S_bc39b974	7	12	Human Excrement Compost Pre-Roll				JM		3	2021-12-07	Fall	5	14.5	15	14.75	4.8	1.35	3.45		fine grained sawdust	fine grained sawdust; white larvae; air pocket	15.2		2.3					Y	white larvae; brown pupa	2	9.2	Added 0.4 kg of pine shavings					
S_61a5fc7d	7	13	Bulking Material				JM	Pine Shavings	3	2021-12-07	Fall																								Y			Y
S_374ea678	7	14	Human Excrement Compost				JM		3	2021-12-07	Fall	5	15	15	15	4.8	1.35	3.45		fine grained sawdust	pine shavings; fine grained sawdust	14.7		2					N			7			Y			Y
S_f066f6f3	7	15	Human Excrement Compost Pre-Roll				JM		4	2021-12-14	Fall	6	15.5	16	15.75	5.2	1.35	3.85		fine grained sawdust; large black flies	pine shavings; fine grained sawdust; brown pupae	14.3	83	2.3					Y	brown pupae; white larvae	5; 3	7	Added 0.3 kg of pine shavings					
S_48dff3fa	7	16	Bulking Material				JM	Pine Shavings	4	2021-12-14	Fall																								Y			Y
S_d176648e	7	17	Human Excrement Compost				JM		4	2021-12-14	Fall	6	15.5	16	15.75	5.5	1.35	4.15		fine grained sawdust; large black flies	pine shavings; fine grained sawdust; brown pupae	14.6	46	2.1					Y	brown pupae	5	7			Y		Y	
S_63260d50	7	18	Human Excrement Compost Pre-Roll				JM		5	2021-12-21	Fall	7	13	12	12.5	5.5	1.35	4.15		fine grained sawdust; large black flies	pine shavings; fine grained sawdust	12.8	70	2					Y	brown pupa; white larvae	7; 4	7.4						
S_888d7b9a	7	19	Human Excrement Compost				JM		5	2021-12-21	Fall	7	13	13	13	5.5	1.35	4.15		fine grained sawdust; large black flies	pine shavings; fine grained sawdust	12.1	52	2					Y	brown pupa	5	7.6			Y			Y
S_5e12782f	7	20	Human Excrement Compost Pre-Roll				JM		6	2021-12-28	Fall	8	9	9	9	5.4	1.35	4.05		fine grained sawdust; large black flies	pine shavings; fine grained sawdust; feces	11.4	74	2					Y	white larvae	3	7						
S_7cd3c631	7	21	Human Excrement Compost				JM		6	2021-12-28	Fall	8	9	9	9	5.4	1.35	4.05		fine grained sawdust; large black flies	pine shavings; fine grained sawdust	10.3	54	2.1					N			8			Y		Y	
S_b16fda6b	7	22	Human Excrement Compost Pre-Roll				JM		7	2022-01-04	Fall	9	18	10	14	5.4	1.35	4.05	small black flies	fine grained sawdust; small black flies; large black flies	feces; pine shavings	10.7	67	2					N			8						
S_01e3a7b5	7	23	Human Excrement Compost				JM		7	2022-01-04	Fall	9	12	10	11	5.4	1.35	4.05		fine grained sawdust; small black flies; large black flies	feces; pine shavings	10.6	59	2					N			8			Y			Y
S_1c04a544	7	24	Human Excrement Compost Pre-Roll				JM		8	2022-01-11	Fall	10	11	10	10.5	5.4	1.35	4.05		fine grained sawdust;  small black flies; large black flies	feces; pine shavings	10.5	89	2.1					Y	small black flies	8	7						
S_ecb3dcfc	7	25	Human Excrement Compost				JM		8	2022-01-11	Fall	10	10.5	10	10.25	5.4	1.35	4.05		fine grained sawdust; small black flies; large black flies	looselYpacked pine shavings	11	85	2.1					N			7			Y		Y	
S_7d3a86fd	7	26	Human Excrement Compost Pre-Roll				JM		9	2022-01-19		11	10.5	9	9.75	5.4	1.35	4.05	small dead black flies; 2 pair mating flies	large black flies; fine grained sawdust	pine shavings	10.6	81	2					N			7.3						
S_8226b6b9	7	27	Human Excrement Compost				JM		9	2022-01-19		11	10	8	9	5.4	1.35	4.05	small dead black flies; 2 pair mating flies	large black flies; fine grained sawdust	looselYpacked pine shavings	11.6	86	2.1					N			7.3			Y			Y
S_0ec1c7c0	7	28	Human Excrement Compost Pre-Roll				JM		10	2022-01-25		12	11.5	10	10.75	5.3	1.35	3.95	small black flies on top	large black flies; small black flies; fine grained sawdust	pine shavings	11.4	100	2					N			7.3						
S_ca2001d9	7	29	Human Excrement Compost				JM		10	2022-01-25		12	12	11	11.5	5.3	1.35	3.95		large black flies; small black flies; fine grained sawdust	pine shavings; brown pupa	10.7	100	2					Y	brown pupa	5	7.3			Y		Y	
S_002a4808	7	30	Human Excrement Compost Pre-Roll				JM		11	2022-02-01		13	10.5	10	10.25	5.3	1.35	3.95	small dead black flies	large black flies; fine grained sawdust	pine shavings; fine grained sawdust; large dead black fly	11	100	2					Y	brown pupae	6	7						
S_d77fb8c0	7	31	Human Excrement Compost				JM		11	2022-02-01		13	11	10	10.5	5.3	1.35	3.95		large black flies; fine grained sawdust	pine shavings; fine grained sawdust	10.8	65	2					N			7			Y			Y
S_797839c7	7	32	Human Excrement Compost Pre-Roll				LM		12	2022-02-08		14	12	10	11	5.2	1.35	3.85	small black flies	large black flies; fine grained sawdust	pine shavings; fine grained sawdust	9.6	59	2					N			7						
S_c39e3b9b	7	33	Human Excrement Compost				LM		12	2022-02-08		14	11	10	10.5	5.2	1.35	3.85		large black flies; fine grained sawdust	pine shavings; fine grained sawdust	9.2	50	2					N			7			Y		Y	
S_791cb1d3	7	34	Human Excrement Compost Pre-Roll				JM		13	2022-02-15		15	12	12	12	5.3	1.35	3.95		fine grained sawdust; large black fly	pine shavings; feces	11	100	2					N			7.5						
S_ee5fac4d	7	35	Human Excrement Compost				JM		13	2022-02-15		15	12.5	13	12.75	5.3	1.35	3.95		fine grained sawdust; large black fly	pine shavings; feces	11	34	2					N			7.5			Y			Y
S_e6c7fd25	7	36	Human Excrement Compost Pre-Roll				JM		14	2022-02-22		16	10	9.5	9.75	5.3	1.35	3.95		fine grained sawdust	pine shavings; feces	9.8	76	2					N			7.5						
S_47f793f7	7	37	Human Excrement Compost				JM		14	2022-02-22		16	10	9.5	9.75	5.3	1.35	3.95		fine grained sawdust	pine shavings; feces	9.5	45	2					N			7.5			Y		Y	
S_e7d3cd82	7	38	Human Excrement Compost Pre-Roll				TL		15	2022-03-01		17	12	11	11.5	5.2	1.35	3.85		fine grained sawdust	pine shavings; feces w/ white mold	10.7	52	2					Y	brown larva	5	7.5						
S_d515db2b	7	39	Human Excrement Compost				TL		15	2022-03-01		17	11	11	11	5.2	1.35	3.85		fine grained sawdust	pine shavings; feces	10.1	55	2					Y	brown larvae	3; 5	7.5			Y			Y
S_ae1a85c3	7	40	Human Excrement Compost Pre-Roll				TL		16	2022-03-08		18	8.5	8	8.25	5.3	1.35	3.95	small dead black flies	brown residue; 1 live small black fly	pine shavings; fine grained sawdust	9.5	63	2					N			7.5						
S_a3b1cbe9	7	41	Human Excrement Compost				TL		16	2022-03-08		18	10	9	9.5	5.3	1.35	3.95		brown residue	pine shavings; fine grained sawdust	9.5	44	2					Y	brown pupae	5	7.5			Y		Y	
S_96b8948c	7	42	Human Excrement Compost Pre-Roll				JY		17	2022-03-22		19	12	11	11.5	5.2	1.35	3.85	small dead black flies	brown residue	pine shavings	10.6	33	2					N			7						
S_0cde3786	7	43	Human Excrement Compost				JY		17	2022-03-22		19	12	12	12	5.2	1.35	3.85		brown residue	pine shavings	10.8	55	2					N			7			Y			Y
S_8225021d	7	44	Human Excrement Compost Pre-Roll				TL		18	2022-03-29		20	12.5	12	12.25	5.3	1.35	3.95		pine shavings; sawdust	pine shavings; fine grained sawdust	12	69	2					N			7						
S_81e608a7	7	45	Human Excrement Compost				TL		18	2022-03-29		20	13	12	12.5	5.3	1.35	3.95		pine shavings; sawdust	pine shavings; fine grained sawdust	12.3	56	2					Y	dead brown pupae; unknown organism	5	7			Y	Y	Y	
S_929e82a6	7	46	Human Excrement Compost Pre-Roll				TL		19	2022-04-05		1	15	16	15.5	5.3	1.35	3.95	small dead flies	pine shavings; sawdust; live flies	pine shavings; fine grained sawdust	15.1	59	2					N			7						
S_ec47b44a	7	47	Human Excrement Compost				TL		19	2022-04-05		1	16.5	17	16.75	5.3	1.35	3.95		pine shavings; sawdust; live flies	pine shavings; fine grained sawdust	15.1	55	2					N			7			Y			Y
S_52406ea8	7	48	Human Excrement Compost Pre-Roll				TL		20	2022-04-12		2	13	13	13	5.2	1.35	3.85	small dead flies	sawdust; pine shavings	pine shavings; fine grained sawdust	13.8	55	2					N			7						
S_da623a33	7	49	Human Excrement Compost				TL		20	2022-04-12		2	12	12	12	5.2	1.35	3.85		sawdust; pine shavings	pine shavings; fine grained sawdust	14	60	2					Y	brown pupae	5	7			Y		Y	
S_6522a082	7	50	Human Excrement Compost Pre-Roll				TL		21	2022-04-19		3	15.5	15	15.25	5.2	1.35	3.85		sawdust; pine shavings	pine shavings; fine grained sawdust	13.8	100	2					Y	brown pupa	5	7						
S_30514537	7	51	Human Excrement Compost				TL		21	2022-04-19		3	14	13	13.5	5.2	1.35	3.85		sawdust; pine shavings	pine shavings; fine grained sawdust; air pocket	13.1	58	2					N			7			Y			Y
S_d2e53d7c	7	52	Human Excrement Compost Pre-Roll				TL		22	2022-04-26		4	14	13	13.5	5.1	1.35	3.75	small dead black flies	sawdust	sawdust;feces	11.4	57.3	2					N			7						
S_458e9b70	7	53	Human Excrement Compost				TL		22	2022-04-26		4	15.5	13	14.25	5.1	1.35	3.75		sawdust	sawdust;feces	11.1	52	2					Y	brown pupae	5	7			Y		Y	
S_0aba93bd	7	54	Human Excrement Compost Pre-Roll				TL		23	2022-05-03		5	13.5	14	13.75	5.1	1.35	3.75	small dead flies	sawdust	feces; sawdust	13.2	100	2					Y	dead brown pupae	5	7						
S_a3daa308	7	55	Human Excrement Compost				TL		23	2022-05-03		5	13.5	14	13.75	5.1	1.35	3.75		sawdust	sawdust; feces	13.6	50	2					Y	brown dead pupa	5	7			Y			Y
S_e3efe061	7	56	Human Excrement Compost Pre-Roll				ST		24	2022-05-10		6	16	14	15	5	1.35	3.65	small dead flies, live black flies	sawdust	sawdust; feces; air pocket	12.8	46	2					N			7						
S_de6e5be1	7	57	Human Excrement Compost				ST		24	2022-05-10		6	14	13	13.5	5	1.35	3.65		sawdust	sawdust; feces	11.7	39	2					N			7			Y		Y	
S_1cb62fa5	7	58	Human Excrement Compost Pre-Roll				LW		25	2022-05-17		7	17	17	17	5.2	1.35	3.85	small dead flies	sawdust	sawdust; feces; pine shavings	14.1	36	2					N			8						
S_e70911dc	7	59	Human Excrement Compost				LW		25	2022-05-17		7	17	17	17	5.2	1.35	3.85		sawdust	sawdust; feces; pine shavings	14.1	39	2					Y	dead brown pupa	5	7.5			Y			Y
S_c42dc20f	7	60	Human Excrement Compost Pre-Roll				LW		26	2022-05-24		8	14	15	14.5	5.1	1.35	3.75	small dead fly	sawdust	sawdust; feces; pine shavings	12.6	100	2					Y	dead fly	too small to measure	7						
S_8fe6b6ab	7	61	Human Excrement Compost				LW		26	2022-05-24		8	14	15	14.5	5.1	1.35	3.75		sawdust	sawdust; feces; pine shavings	12.7	47	2					Y	dead brown pupae	5	7.5			Y		Y	
S_72e3529a	7	62	Human Excrement Compost Pre-Roll				BG		27	2022-05-31		9	18	19	18.5	5.2	1.35	3.85		sawdust	sawdust; feces; pine shavings	11.8	41	2					Y	dead brown pupa	5	7.5						
S_5a57cf36	7	63	Human Excrement Compost				BG		27	2022-05-31		9	19	19	19	5.2	1.35	3.85		sawdust	sawdust; feces; pine shavings	12.2	55	2					N			7.5			Y			Y
S_8d547c18	7	64	Human Excrement Compost Pre-Roll				LW		28	2022-06-07		10	23	23	23	5.1	1.35	3.75	live and dead flies	sawdust	sawdust; feces; pine shavings	15.6	36	2					Y	dead brown pupae	5	7.5						
S_d86c80ef	7	65	Human Excrement Compost				LW		28	2022-06-07		10	23	23	23	5.1	1.35	3.75		sawdust	sawdust; feces; pine shavings; dead pupae	16.3	44	2					N			7.5			Y		Y	
S_de09e1c6	7	66	Human Excrement Compost Pre-Roll				ST		29	2022-06-14		11	22	21	21.5	5.1	1.35	3.75	dead flies	sawdust; large dead flies	sawdust; feces; pine shavings	16	67	2					N			7.5	Added 0.1 kg of pine shavings					
S_e955b795	7	67	Bulking Material				Participant		29	2022-06-14																									Y			Y
S_505d49d1	7	68	Human Excrement Compost				ST		29	2022-06-14		11	22	21	21.5	5.2	1.35	3.85		sawdust; large dead flies	sawdust; feces; pine shavings	17.5	65	2					N			7.5			Y			Y
S_60e0a54f	7	69	Human Excrement Compost Pre-Roll				JM		30	2022-06-21		12	21	22	21.5	5.2	1.35	3.85		sawdust	sawdust; feces; pine shavings	14.8	71	2					N			7.5						
S_3e3cb6dc	7	70	Human Excrement Compost				JM		30	2022-06-21		12	21	22	21.5	5.2	1.35	3.85		sawdust	sawdust; feces; pine shavings	15	78	2					N			7.5			Y		Y	
S_3f494909	7	71	Human Excrement Compost Pre-Roll				LW		31	2022-06-28		13	33	34	33.5	5.2	1.35	3.85		sawdust	sawdust; feces; pine shavings; brown pupa	22.1	62	2					Y	dead brown pupa	5	7						
S_1073eb5d	7	72	Human Excrement Compost				LW		31	2022-06-28		13	31	31	31	5.2	1.35	3.85		sawdust	sawdust; feces; pine shavings	21.9	47	2					Y	dead brown pupa	5	7			Y			Y
S_20d50730	7	73	Human Excrement Compost Pre-Roll				JM		32			14																										
S_6b865498	7	74	Human Excrement Compost				LW		32	2022-07-05		14	22.5	22	22.25	5.2	1.35	3.85	fly tape residue	sawdust; live flies	sawdust; feces; pine shavings	17.8	66	2					Y	dead brown pupae	5	8			Y		Y	
S_2dee0673	7	75	Human Excrement Compost Pre-Roll				JM		33			15																										
S_9e9674c6	7	76	Human Excrement Compost				LW		33	2022-07-12		15	26	26	26	5.1	1.35	3.75	dust, dead flies, fly tape residue	sawdust; live flies	sawdust; feces; pine shavings	18.1	80	2					N	dead brown pupae	6	7.5			Y			Y
S_37bbf915	7	77	Human Excrement Compost				LW		34	2022-07-19		16	35	32	33.5	5.1	1.35	3.75		sawdust	sawdust; feces; pine shavings	20.8	65	2					Y	dead brown pupae	6	7.5			Y		Y	
S_de8e22f9	7	78	Human Excrement Compost				LW		35	2022-07-26		17	21	21	21	5.2	1.35	3.85	live small black flies	sawdust	sawdust; feces; pine shavings	18.4	76	2					Y	dead brown pupa	6	7.5			Y	Y		Y
S_ae39a28a	7	79	Human Excrement Compost				LW		36	2022-08-02		18	24.5	23	23.75	5.1	1.35	3.75	live small black flies	sawdust	sawdust; feces; pine shavings	18.8	69	2					N			7.5			Y		Y	
S_1befce85	7	80	Human Excrement Compost				LW		37	2022-08-09		19	26	27	26.5	5.1	1.35	3.75	live small black flies	sawdust	sawdust; feces; pine shavings	18.9	49	2					N			7.5			Y			Y
S_6b25b8c6	7	81	Human Excrement Compost				JM		38	2022-08-16		20	20.5	21	20.75	5	1.35	3.65	live small black flies	sawdust	sawdust; feces; pine shavings	17.1	47	2					N			7.5			Y		Y	
S_62e382e2	7	82	Human Excrement Compost				LW		39	2022-08-23		1	23	22	22.5	5.1	1.35	3.75	small live and dead black flies	sawdust	sawdust; feces; pine shavings; brown pupa	16.6	62	2					N			7			Y			Y
S_21839929	7	83	Human Excrement Compost				JM		40	2022-08-30		2	22.5	21	21.75	5.2	1.35	3.85		sawdust	pine shavings	16.1	36	2					N			7			Y		Y	
S_374ff55a	7	84	Human Excrement Compost				AR		41	2022-09-06		3	20	20	20	5	1.35	3.65	small dead black flies	sawdust; small black fly; pupa	pine shavings; feces; white fungus	16.4	58	2					N			6.5			Y			Y
S_9255113f	7	85	Human Excrement Compost				KVO		42	2022-09-13		4	18.5	19	18.75	5	1.35	3.65		sawdust	pine shavings	15.9	61	2					N			7			Y		Y	
S_8b04684d	7	86	Human Excrement Compost				AKW		43	2022-09-20		5	18	18	18	5	1.35	3.65		sawdust	pine shavings	15.4	56	2					N			6.5			Y			Y
S_6ce5739c	7	87	Human Excrement Compost				KVO		44	2022-09-27		6	15.5	16	15.75	5	1.35	3.65		sawdust	pine shavings	15.2	79	2					N			7			Y		Y	
S_88c65bfe	7	88	Human Excrement Compost				KVO		45	2022-10-04		7	15.5	15	15.25	5	1.35	3.65		sawdust	pine shavings	13.7	67	2								7			Y			Y
S_cb2dee56	7	89	Human Excrement Compost				AKW		46	2022-10-11		8	15	15	15	5	1.35	3.65		sawdust	pine shavings; large air pocket		70	2					N			7			Y		Y	
S_750f2e3a	7	90	Human Excrement Compost				AKW		47	2022-10-18		9	15	14	14.5	5	1.35	3.65		sawdust	pine shavings	11.9	100	2					N			6.5			Y			Y
S_d2950acc	7	91	Human Excrement Compost				AR		48	2022-10-25		10	16	16	16	4.9	1.35	3.55		sawdust; pine shavings	pine shavings; feces	10.9	55	2					N			7			Y		Y	
S_cd94d579	7	92	Human Excrement Compost				KVO		49	2022-11-01		11	12.5	12	12.25	5	1.35	3.65		sawdust; pine shavings	pine shavings;	12.5	80	2					N			7.5			Y			Y
S_320f10fe	7	93	Human Excrement Compost				AKW		50	2022-11-08		12	14	14	14	4.9	1.35	3.55		sadust; pine shavings	pine shavings	11.2	98	2					N			7.25			Y		Y	
S_ebc68c71	7	94	Human Excrement Compost				KVO		51	2022-11-15		13	14	14	14	4.9	1.35	3.55		sawdust; pine shavings	pine shavings	9.8	64	2					N			7.25			Y			Y
S_669dd241	7	95	Human Excrement Compost				KVO		52	2022-11-22		14	13.5	14	13.75	5	1.35	3.65		sawdust; pine shavings	pine shavings	9.3	94	2					N			7			Y	Y	Y	
S_564462b2	7		Human Excrement Compost				PI			2023-08-03		1	21	20.5	20.75	4.7	1.35	3.35		pine shavings	pine shavings	16.5	69	2					N			7	Samples collected; DNA not extracted					
S_f9bacec0	8	1	Bulking Material				Participant	Grass and Straw		2021-10-30																									Y			Y
S_c8a9dcae	8	2	Inside Toilet Pre Use				Participant			2021-10-30																									Y			Y
S_c2b26d58	8	3	Soil Nearby Toilet				Participant																												Y			Y
S_a022b8cc	8	4	Human Excrement				Participant			2021-11-01																									Y	Y		Y
S_be7288ef	8	5	Human Excrement				Participant			2021-11-08																									Y	Y		Y
S_2a6dd984	8	6	Human Excrement				Participant			2021-11-15																									Y	Y		Y
S_4397d792	8	7	Human Excrement Compost Pre-Roll				JM		1	2021-11-23		2	14	13	13.5	7.8	1.4	6.4	musty; moldy; sour smell	dried fluid remnants	feces; toilet paper	13	100						Y				When I picked up this bucket; fluid was leaking out; Fluid was dumped on site to reduce smell and anaerobic environment. Musty; sour; moldy smell emanating from bucket before sampling. ENDED THIS BUCKET 11/23/21…PUTRID AND UNBEARABLE SMELL					
S_07530ccd	8	8	Human Excrement Compost Pre-Roll				JM		1	2021-11-23		2	14	13	13.5	7.8	1.4	6.4	musty; moldy; sour smell	old dried fluid remnants	all feces; toilet paper	13	100						Y				When I picked up this bucket; fluid was leaking out; Fluid was dumped on site to reduce smell and anaerobic environment. Musty; sour; moldy smell emanating from bucket before sampling. ENDED THIS BUCKET 11/23/21…PUTRID AND UNBEARABLE SMELL					
S_a94ba80d	8	9	Human Excrement Compost Pre-Roll				JM		2	2021-11-23		3	14	13	13.5	7.8	1.4	6.4	musty; moldy; sour smell	old dried fluid remnants	feces; toilet paper	13	100						Y				When I picked up this bucket; fluid was leaking out; Fluid was dumped on site to reduce smell and anaerobic environment. Musty; sour; moldy smell emanating from bucket before sampling. ENDED THIS BUCKET 11/23/21…PUTRID AND UNBEARABLE SMELL					
S_2c545e14	9	1	Bulking Material				Participant	Coconut Coir		2021-10-30																									Y	Y		Y
S_3bc85c66	9	2	Inside Toilet Pre Use				Participant			2021-10-30																									Y			Y
S_073e29ef	9	3	Soil Nearby Toilet				Participant			2021-10-30																									Y			Y
S_5bdd5984	9	4	Human Excrement				Participant			2021-11-02																									Y	Y		Y
S_c8de52e8	9	5	Human Excrement				Participant			2021-11-09																									Y	Y		Y
S_a1a7d3b3	9	6	Human Excrement				Participant			2021-11-16																									Y	Y		Y
S_0bd95061	9	7	Human Excrement Compost Pre-Roll				JM		1	2021-11-23	Fall	1	13	12	12.5	9.8	1.35	8.45		coconut coir	compacted coconut coir	12.1		2.3					N			5.5						
S_f0403b65	9	8	Human Excrement Compost				JM		1	2021-11-23	Fall	1	14	13	13.5	9.8	1.35	8.45		coconut coir	loose coconut coir	11.8	93	2.1					N			6.4	Sour smell coming from vent tube during roll		Y	Y		Y
S_8fdb61a5	9	9	Human Excrement Compost Pre-Roll				JM		2	2021-11-30	Fall	2	18.5	17	17.75	9.8	1.35	8.45		coconut coir	compacted coconut coir	12		2.2					N			6.4						
S_56d28bbd	9	10	Human Excrement Compost				JM		2	2021-11-30	Fall	2	18.5	17	17.75	9.8	1.35	8.45		coconut coir	loose coconut coir	12.1		1.8					N			7			Y		Y	
S_5b646d14	9	11	Human Excrement Compost Pre-Roll				JM		3	2021-12-07	Fall	3	15	14	14.5	9.8	1.35	8.45		coconut coir	compacted coconut coir	12.5		1.9					N			7						
S_3b4e0d9e	9	12	Human Excrement Compost				JM		3	2021-12-07	Fall	3	15	15	15	9.8	1.35	8.45		coconut coir	compacted coconut coir	12.5		2					N			7.2			Y			Y
S_802c0fc4	9	13	Human Excrement Compost Pre-Roll				JM		4	2021-12-14	Fall	4	15	15	15	9.8	1.35	8.45		coconut coir	compacted coconut coir	11	88	4					N			7						
S_8946438f	9	14	Human Excrement Compost				JM		4	2021-12-14	Fall	4	14.5	15	14.75	9.8	1.35	8.45		coconut coir	loose coconut coir	11.1		2.4					N			7			Y		Y	
S_50ff0575	9	15	Human Excrement Compost Pre-Roll				JM		5	2021-12-21	Fall	5	14.5	14	14.25	9.8	1.35	8.45		coconut coir	compacted coconut coir	10.5		2					N			6.6	More coconut coir in vent tube probablYdue to drying out and falling in during rolling					
S_a873ac9f	9	16	Human Excrement Compost				JM		5	2021-12-21	Fall	5	15	14	14.5	9.8	1.35	8.45		coconut coir	loose coconut coir	10.4	94	2.1					N			6.6			Y			Y
S_e8c7f6e2	9	17	Human Excrement Compost Pre-Roll				JM		6	2021-12-28	Fall	6	10.5	10	10.25	9.8	1.35	8.45		coconut coir	coconut coir; white mold	9.5	85	2.1					N			7.2						
S_b78c24d0	9	18	Human Excrement Compost				JM		6	2021-12-28	Fall	6	10.5	11	10.75	9.8	1.35	8.45		coconut coir	coconut coir	9.6	100	2					N			7.2			Y		Y	
S_08a82487	9	19	Human Excrement Compost Pre-Roll				JM		7	2022-01-04	Fall	7	12	10	11	9.8	1.35	8.45	small dead black flies	coconut coir	coconut coir	9.6	100	2					N			7						
S_edf1aae8	9	20	Human Excrement Compost				JM		7	2022-01-04	Fall	7	12	10	11	9.8	1.35	8.45		coconut coir	coconut coir	9.6	100	2					N			6.6			Y			Y
S_a059b5db	9	21	Human Excrement Compost Pre-Roll				JM		8	2022-01-11	Fall	8	12	11	11.5	9.7	1.35	8.35		coconut coir	coconut coir	9.7	100	2					N			6.8						
S_878944de	9	22	Human Excrement Compost				JM		8	2022-01-11	Fall	8	12	11	11.5	9.7	1.35	8.35		coconut coir	coconut coir	9.6	100	2					N			7.6			Y		Y	
S_602ad2a4	9	23	Human Excrement Compost Pre-Roll				JM		9	2022-01-19		9	10	8	9	9.7	1.35	8.35	small dead  black flies	coconut coir	coconut coir	10.4	100	2					N			6.7						
S_ce9adc93	9	24	Human Excrement Compost				JM		9	2022-01-19		9	10.5	9	9.75	9.7	1.35	8.35		coconut coir	coconut coir	10.2	85	2					N			7			Y			Y
S_c3aac2a9	9	25	Human Excrement Compost Pre-Roll				LW		10	2022-01-25		10	12.5	12	12.25	9.6	1.35	8.25	small black flies	coconut coir; small black flies	coconut coir	10.4	100	2					Y	white larva	3	7						
S_604754b9	9	26	Human Excrement Compost				LW		10	2022-01-25		10	12.5	12	12.25	9.6	1.35	8.25		coconut coir; small black flies	coconut coir	10.6	80	2					N			6.7			Y		Y	
S_f8323d12	9	27	Human Excrement Compost Pre-Roll				JM		11	2022-02-01		11	11	11	11	9.7	1.35	8.35	small dead black flies	coconut coir	coconut coir	10.3	100	2					N			7						
S_4ae20f85	9	28	Human Excrement Compost				JM		11	2022-02-01		11	11	11	11	9.7	1.35	8.35		coconut coir	coconut coir; large air pocket	10.1	100	2					N			7			Y			Y
S_6adfa345	9	29	Human Excrement Compost Pre-Roll				LM		12	2022-02-08		12	13	11	12	9.6	1.35	8.25	small dead black flies	coconut coir; small black fly	coconut coir; white larva	9.6	93	2					N			7						
S_beadb221	9	30	Human Excrement Compost				LM		12	2022-02-08		12	12	11	11.5	9.6	1.35	8.25		coconut coir; small black fly	coconut coir	9.6	97	2					N			7.8			Y		Y	
S_d9160917	9	31	Human Excrement Compost Pre-Roll				JM		13	2022-02-15		13	12	12	12	9.6	1.35	8.25	small live black flies on top	coconut coir	coconut coir	11.2	100	2					N			7						
S_5d7b4c11	9	32	Human Excrement Compost				JM		13	2022-02-15		13	13	12	12.5	9.6	1.35	8.25		coconut coir	coconut coir	11.2	100	2					N			7			Y			Y
S_062796a9	9	33	Human Excrement Compost Pre-Roll				LM		14	2022-02-22		14	9	9	9	9.6	1.35	8.25	small dead black flies	coconut coir	coconut coir	10.3	100	2					N			7						
S_b013c69f	9	34	Human Excrement Compost				LM		14	2022-02-22		14	9	9	9	9.6	1.35	8.25		coconut coir	coconut coir	9.6	93	2					N			7			Y		Y	
S_7fb0c281	9	35	Human Excrement Compost Pre-Roll				TL		15	2022-03-01		15	11.5	11	11.25	9.5	1.35	8.15	dead & live small black flies	coconut coir	coconut coir	10.6	96	2					N			7						
S_2c166873	9	36	Human Excrement Compost				TL		15	2022-03-01		15	11.5	12	11.75	9.5	1.35	8.15		coconut coir	coconut coir	10.5	100	2					N			7			Y			Y
S_94bda632	9	37	Human Excrement Compost Pre-Roll				TL		16	2022-03-08		16	10	10	10	9.4	1.35	8.05		coconut coir	coconut coir	9.9	100	2					N			7						
S_5f5eb029	9	38	Human Excrement Compost				TL		16	2022-03-08		16	10	10	10	9.4	1.35	8.05		coconut coir	coconut coir	10.2	100	2					N			7			Y		Y	
S_4c439952	9	39	Human Excrement Compost Pre-Roll				JY		17	2022-03-22		18	12.5	12	12.25	9.5	1.35	8.15	dead flies on top	coconut coir; live flies	coconut coir	11.8	100	2					N			7						
S_85f98364	9	40	Human Excrement Compost				JY		17	2022-03-22		18	12.5	12	12.25	9.5	1.35	8.15		coconut coir; live flies	coconut coir	11.3	100	2					Y	white larvae	5; 4	7.5			Y			Y
S_db39a76e	9	41	Human Excrement Compost Pre-Roll				TL		18	2022-03-29		19	14.5	13	13.75	9.5	1.35	8.15		coconut coir	coconut coir	13.9	100	2					N			7.5						
S_1098f696	9	42	Human Excrement Compost				TL		18	2022-03-29		19	15	13	14	9.5	1.35	8.15		coconut coir	coconut coir	13.3	100	2					N			7.5			Y	Y	Y	
S_ac2f3684	9	43	Human Excrement Compost Pre-Roll				TL		19	2022-04-05		20	17	17	17	9.4	1.35	8.05		coconut coir	coconut coir	16.1	100	2					N			6.5						
S_20781fd2	9	44	Human Excrement Compost				TL		19	2022-04-05		20	18.5	20	19.25	9.4	1.35	8.05		coconut coir	coconut coir	16.1	100	2					N			6.5			Y			Y
S_f44ba400	9	45	Human Excrement Compost Pre-Roll				TL		20	2022-04-12		1	12	12	12	9.5	1.35	8.15	small dead flies	coconut coir	coconut coir	15.1	100	2					N			6.5						
S_1f3c167e	9	46	Human Excrement Compost				TL		20	2022-04-12		1	12.5	12	12.25	9.5	1.35	8.15		coconut coir	coconut coir	14.1	69	2					N			6.5			Y		Y	
S_5555a8a5	9	47	Human Excrement Compost Pre-Roll				TL		21	2022-04-19		2	13.5	13	13.25	9.4	1.35	8.05		coconut coir	coconut coir	13.1	100	2					N			6						
S_4751d80e	9	48	Human Excrement Compost				TL		21	2022-04-19		2	13	14	13.5	9.4	1.35	8.05		coconut coir	coconut coir	15.2	100	2					N			5.5			Y			Y
S_80acbf0e	9	49	Human Excrement Compost Pre-Roll				TL		22	2022-04-26		3	14	14	14	9.3	1.35	7.95		coconut coir	coconut coir	11.5	100	2					N			4						
S_a482717f	9	50	Human Excrement Compost				TL		22	2022-04-26		3	14	13	13.5	9.3	1.35	7.95		coconut coir	coconut coir	11.1	100	2					N			5			Y		Y	
S_5fabb616	9	51	Human Excrement Compost Pre-Roll				TL		23	2022-05-03		4	14.5	14	14.25	9.3	1.35	7.95	small dead flies	coconut coir; live flies	coconut coir	13.5	100	2					N			5						
S_d29acbe3	9	52	Human Excrement Compost				TL		23	2022-05-03		4	14.5	14	14.25	9.3	1.35	7.95		coconut coir; live flies	coconut coir	13.4	100	2					N			5			Y			Y
S_b43539f2	9	53	Human Excrement Compost Pre-Roll				ST		24	2022-05-10		5	14	13	13.5	9.2	1.35	7.85	small dead flies, large live flies	coconut coir; live flies	coconut coir; live black flies	13.1	100	2					N			5						
S_8102c26a	9	54	Human Excrement Compost				LW		24	2022-05-10		5	15	13	14	9.2	1.35	7.85		coconut coir; live flies	coconut coir; feces	12.7	100	2					N			6			Y		Y	
S_421287d6	9	55	Human Excrement Compost Pre-Roll				LW		25	2022-05-17		6	18	17	17.5	9.2	1.35	7.85	small dead flies	coconut coir; live flies	coconut coir; feces	14.5	100	2					N			6						
S_fc8322f4	9	56	Human Excrement Compost				LW		25	2022-05-17		6	17	17	17	9.2	1.35	7.85		coconut coir; live flies	coconut coir; feces	14.6	99	2					N			6			Y			Y
S_18e454e2	9	57	Human Excrement Compost Pre-Roll				LW		26	2022-05-24		7	15	16	15.5	9.3	1.35	7.95	small live and dead flies	coconut coir; live flies	coconut coir; feces	13.3	58	2					N			5						
S_302e553f	9	58	Human Excrement Compost				LW		26	2022-05-24		7	15	17	16	9.3	1.35	7.95		coconut coir; live flies	coconut coir; feces	12.8	100	2					N			6			Y		Y	
S_33f646aa	9	59	Human Excrement Compost Pre-Roll				BG		27	2022-05-31		8	19	19	19	9.3	1.35	7.95	small live and dead flies	coconut coir; live flies	coconut coir; feces	13	100	2					N			6						
S_fac12d51	9	60	Human Excrement Compost				BG		27	2022-05-31		8	19	20	19.5	9.3	1.35	7.95		coconut coir; live flies	coconut coir; feces	13.5	98	2					Y	small white live larva	too small to measure	6			Y			Y
S_34dfe900	9	61	Human Excrement Compost Pre-Roll				LW		28	2022-06-07		9	23	23	23	9.3	1.35	7.95		coconut coir; live flies	coconut coir; feces; white larvae; flies	19.6	100	2					Y	small white live larva	3	5.5						
S_92f4d9f3	9	62	Human Excrement Compost				LW		28	2022-06-07		9	23	23	23	9.3	1.35	7.95		coconut coir	coconut coir; feces	19.6	83	2					Y	small white live larva	3	5.5			Y		Y	
S_4ae3ef93	9	63	Human Excrement Compost Pre-Roll				ST		29	2022-06-14		10	21	20	20.5	9.3	1.35	7.95	dead flies	coconut coir	coconut coir; feces; white larvae	18.1	100	2					Y	small white live larvae	too small to measure	4.5						
S_c48dcdd1	9	64	Human Excrement Compost				ST		29	2022-06-14		10	22	20	21	9.3	1.35	7.95		coconut coir	coconut coir; feces; white larvae; live black flies	17.9	100	2					Y	small white live larvae	too small to measure	5.5			Y			Y
S_4a0a1465	9	65	Human Excrement Compost Pre-Roll				JM		30	2022-06-21		11	21.5	21	21.25	9.2	1.35	7.85		coconut coir	coconut coir; white larva	17.3	100	2					Y	small white live larvae	too small to measure	4.5						
S_85ba0d9b	9	66	Human Excrement Compost				JM		30	2022-06-21		11	21	21	21	9.2	1.35	7.85		coconut coir	coconut coir; white larva	17.3	100	2					Y	small white larva	too small to measure	5			Y		Y	
S_c491289a	9	67	Human Excrement Compost Pre-Roll				LW		31	2022-06-28		12	30.5	32	31.25	9.1	1.35	7.75	fly tape residue; dust	coconut coir; live flies	coconut coir; white larva; live black flies	20.3	100	2					Y	small white larvae	too small to measure	5.5						
S_42760f29	9	68	Human Excrement Compost				LW		31	2022-06-28		12	29	30	29.5	9.1	1.35	7.75	fly tape residue	coconut coir; live flies	coconut coir; white larva	22.4	100	2					Y	small white larvae	too small to measure	5.5			Y			Y
S_8eeacd05	9	69	Human Excrement Compost Pre-Roll				JM		32			13																										
S_6fe848a4	9	70	Human Excrement Compost				LW		32	2022-07-05		13	23	23	23	9.2	1.35	7.85	fly tape residue	coconut coir; live flies	coconut coir; white larva; small live black flies	19.3	100	2					Y	small white larvae; live small black flies	too small to measure	5.5			Y		Y	
S_6050448d	9	71	Human Excrement Compost Pre-Roll				JM		33			14																										
S_0fb44d77	9	72	Human Excrement Compost				LW		33	2022-07-12		14	27	28	27.5	9.1	1.35	7.75	flies; dust; fly tape residue; bugs coming out of bucket	coconut coir; live flies	live black flies; coconut coir	19.7	100	2					Y	small live flies	5	6			Y			Y
S_3c07d722	9	73	Human Excrement Compost				LW		34	2022-07-19		15	35	35	35	9.2	1.35	7.85	fly tape residue; flies all over bucket	coconut coir; live flies	live black flies; coconut coir	20.9	100	2					Y	small live flies	too small to measure	5.5			Y		Y	
S_150187c6	9	74	Human Excrement Compost				LW		35	2022-07-26		16	21	20.5	20.75	9.2	1.35	7.85	fly tape residue; dead black flies	coconut coir; live black flies	live black flies; coconut coir; toilet paper	18.7	100	2					Y	small live flies	too small to measure	5.5			Y	Y		Y
S_e47892a7	9	75	Human Excrement Compost				JM		36	2022-08-02		17	24.5	23	23.75	9.1	1.35	7.75	fly tape residue; dead black flies	coconut coir; live black flies	live black flies; coconut coir	20.2	100	2					Y	white larvae	too small to measure	5.5			Y		Y	
S_91c696a7	9	76	Human Excrement Compost				LW		37	2022-08-09		18	25	24	24.5	9.1	1.35	7.75	fly tape residue; dead black flies	coconut coir; live black flies	coconut coir; little white larvae; fungus	20.6	100	2					Y			6			Y			Y
S_31a624ad	9	77	Human Excrement Compost				JM		38	2022-08-16		19	20.5	21	20.75	9.1	1.35	7.75	fly tape residue; dead black flies	coconut coir; live black flies	coconut coir; little white larvae; fungus	18.9	100	2					Y			6.5			Y		Y	
S_632da8c0	9	78	Human Excrement Compost				LW		39	2022-08-23		20	22	21.5	21.75	9	1.35	7.65	fly tape residue; dead black flies	coconut coir	coconut coir; fungus	18.9	100	2					N			6			Y			Y
S_a76653f0	9	79	Human Excrement Compost				JM		40	2022-08-30		1	22.5	22	22.25	9.1	1.35	7.75	fly tape residue; dead black flies	coconut coir	coconut coir	16.9	100	2					N			6			Y		Y	
S_b1d49b30	9	80	Human Excrement Compost				AR		41	2022-09-06		2	20	20	20	9	1.35	7.65	fly tape residue	coconut coir; pupa	coconut coir; small black flies	16.3	100	2					Y	white larva	3	6			Y			Y
S_e71b6bef	9	81	Human Excrement Compost				KVO		42	2022-09-13		3	19.5	20	19.75	9	1.35	7.65		coconut coir	coconut coir	16.1	100	2					N			6.5			Y		Y	
S_d0ee556d	9	82	Human Excrement Compost				AKW		43	2022-09-20		4	17	17	17	9	1.35	7.65		coconut coir	coconut coir	15.4	100	2					N			6.25			Y			Y
S_fe762349	9	83	Human Excrement Compost				KVO		44	2022-09-27		5	17	17	17	9	1.35	7.65		coconut coir	coconut coir	14.9	100	2					N			6.5			Y		Y	
S_cc30b8f8	9	84	Human Excrement Compost				KVO		45	2022-10-04		6	14.5	15	14.75	9	1.35	7.65		coconut coir; black flies	coconut coir	13.7	100	2					N			6.5			Y			Y
S_36b8e677	9	85	Human Excrement Compost				AKW		46	2022-10-11		7	15	15	15	9	1.35	7.65		coconut coir	coconut coir		100	2					N			6.25			Y		Y	
S_a5cc8884	9	86	Human Excrement Compost				AKW		47	2022-10-18		8	15	15	15	8.9	1.35	7.55		coconut coir	coconut coit	12.6	100	2					N			6.25			Y			Y
S_0d466e48	9	87	Human Excrement Compost				AR		48	2022-10-25		9	15.5	16	15.75	8.9	1.35	7.55		coconut coir; feces	coconut coir	10.3	100	2					N			6.25			Y		Y	
S_dbc64f07	9	88	Human Excrement Compost				KVO		49	2022-11-01		10	13	13	13	8.9	1.35	7.55		coconut coir; feces	coconut coir	10.2	100	2					N			6.25			Y			Y
S_3bd94f52	9	89	Human Excrement Compost				AKW		50	2022-11-08		11	14.5	15	14.75	8.9	1.35	7.55		coconut coir	coconut coir	10.8	100	2					N			6.25			Y		Y	
S_4a3f57f6	9	90	Human Excrement Compost				KVO		51	2022-11-15		12	14.5	14	14.25	8.8	1.35	7.45		coconut coir	coconut coir	10.2	100	2					N			6.25			Y			Y
S_b0557419	9	91	Human Excrement Compost				KVO		52	2022-11-22		13	15	16	15.5	8.9	1.35	7.55				9.7	100	2					N			6.5			Y	Y	Y	
S_f377122a	9		Human Excrement Compost				PI			2023-08-10		7	26	26	26	8.5	1.35	7.15		coconut coir	clumped and moist coconut coir	17.1	100	2					N			6.5	Samples collected; DNA not extracted					
S_bcc246ab	10	1	Bulking Material				Participant	Fine Grained Sawdust		2021-10-30																									Y	Y		Y
S_bc5a3f1d	10	2	Inside Toilet Pre Use				Participant			2021-10-30																									Y			Y
S_90260cf2	10	3	Soil Nearby Toilet				Participant			2021-10-31																									Y			Y
S_45fea625	10	4	Human Excrement				Participant			2021-10-30																									Y	Y		Y
S_cfdd8816	10	5	Human Excrement				Participant			2021-11-08																									Y	Y		Y
S_b5aa20ca	10	6	Human Excrement				Participant			2021-11-15																									Y	Y		Y
S_96b8c62d	10	7	Human Excrement				Participant			2021-10-30																									Y	Y		Y
S_4c3396f5	10	8	Human Excrement				Participant			2021-11-08																									Y	Y		Y
S_34f2f19e	10	9	Human Excrement				Participant			2021-11-16																									Y	Y		Y
S_7607b82b	10	10	Human Excrement Compost Pre-Roll				JM		1	2021-11-23	Fall	11	16	15	15.5	6.1	1.3	4.8	dead white larvae	fine grained sawdust	white larvae; fine grained sawdust; feces	13.2							N									
S_8e00ed08	10	11	Human Excrement Compost				JM		1	2021-11-23	Fall	11	16	15	15.5	6.1	1.3	4.8		fine grained sawdust	fine grained sawdust; toilet paper	13.5		1.9					N			6.2			Y	Y		Y
S_8bece736	10	12	Human Excrement Compost Pre-Roll				JM		2	2021-11-30	Fall	12	20	20	20	6.1	1.3	4.8		fine grained sawdust	fine grained sawdust; toilet paper	13.6	94	2					N			9.2	Pre-roll sample was acting weird on pH paper…all three papers didn't seem to have a color match					
S_17506f75	10	13	Human Excrement Compost				JM		2	2021-11-30	Fall	12	19.5	20	19.75	6.1	1.3	4.8		fine grained sawdust	fine grained sawdust	15.6	68	1.9					N			6.5			Y		Y	
S_0a394464	10	14	Human Excrement Compost Pre-Roll				JM		3	2021-12-07	Fall	13	16	14	15	6.1	1.3	4.8		fine grained sawdust	fine grained sawdust; toilet paper; white larvae	13.5	70	2					Y	brown pupae	3	6.4						
S_63eafab0	10	15	Human Excrement Compost				JM		3	2021-12-07	Fall	13	15	14	14.5	6.1	1.3	4.8		fine grained sawdust	compact fine grained sawdust; white larvae	13.6	89	2					Y	brown pupae	3	7			Y			Y
S_23c2c461	10	16	Human Excrement Compost Pre-Roll				JM		4	2021-12-14	Fall	14	14.5	15	14.75	6	1.3	4.7		fine grained sawdust	compact fine grained sawdust	12.6	65	2					Y	white larva	3	6.4						
S_0ba8558d	10	17	Human Excrement Compost				JM		4	2021-12-14	Fall	14	14.5	15	14.75	6	1.3	4.7		fine grained sawdust; white larvae	fine grained sawdust; 5 white larvae	12.4	88	1.8					Y	brown pupae	3	7			Y		Y	
S_98011fdf	10	18	Human Excrement Compost Pre-Roll				JM		5	2021-12-21	Fall	15	11.5	11	11.25	6.1	1.3	4.8		fine grained sawdust	fine grained sawdust; white mold	10.2	94	2.1					Y	brown pupae	2	6.4						
S_9febeccf	10	19	Human Excrement Compost				JM		5	2021-12-21	Fall	15	11	11	11	6.1	1.3	4.8		fine grained sawdust	fine grained sawdust	10.5	72	2.4					Y	brown pupae	2	7			Y			Y
S_0542a2ec	10	20	Human Excrement Compost Pre-Roll				JM		6	2021-12-28	Fall	16	10	9	9.5	6.1	1.3	4.8		fine grained sawdust	fine grained sawdust; feces	10.1	94	2.1					Y	white larvae	3	6.4						
S_affe95cd	10	21	Human Excrement Compost				JM		6	2021-12-28	Fall	16	10	9	9.5	6.1	1.3	4.8		fine grained sawdust	fine grained sawdust	9.6	86	2.1					Y	white larvae	3	7.4			Y		Y	
S_916f6243	10	22	Human Excrement Compost Pre-Roll				JM		7	2022-01-04	Fall	17	13.5	14	13.75	6.1	1.3	4.8		fine grained sawdust	fine grained sawdust; feces	10.3	100	2.4					N			7.4						
S_671354c0	10	23	Human Excrement Compost				JM		7	2022-01-04	Fall	17	13	13	13	6.1	1.3	4.8		fine grained sawdust	fine grained sawdust; feces	11.4	74	2					Y	white larvae	3	7			Y			Y
S_6c9462a0	10	24	Human Excrement Compost Pre-Roll				JM		8	2022-01-11	Fall	18	12	10	11	6	1.3	4.7		fine grained sawdust	fine grained sawdust; feces	10.2	66	2					Y	white larvae	2	7						
S_22418f27	10	25	Human Excrement Compost				JM		8	2022-01-11	Fall	18	12	10	11	6	1.3	4.7		fine grained sawdust	fine grained sawdust; feces	10.2	100	2					Y	white larvae	2	7.2			Y		Y	
S_83656cf0	10	26	Human Excrement Compost Pre-Roll				JM		9	2022-01-19		19	10	10	10	6	1.3	4.7		fine grained sawdust	fine grained sawdust; feces; white larvae	10.5	100	2					N			7.6						
S_7cfe6743	10	27	Human Excrement Compost				JM		9	2022-01-19		19	10.5	10	10.25	6	1.3	4.7		fine grained sawdust	fine grained sawdust; feces; white larvae	10.4	73	2					Y	brown pupae; white larva	3; 9	7.6			Y			Y
S_5357a320	10	28	Human Excrement Compost Pre-Roll				LW		10	2022-01-25		20	10.5	11	10.75	5.9	1.3	4.6		fine grained sawdust	fine grained sawdust; feces	10.3	79	2					Y	white larvae	3	7.6						
S_28c34f80	10	29	Human Excrement Compost				LW		10	2022-01-25		20	12	10	11	5.9	1.3	4.6		fine grained sawdust	fine grained sawdust	10.6	41	1.9					Y	white larvae	3	7.6	Air pocket impaired mositure reading		Y		Y	
S_43e16886	10	30	Human Excrement Compost Pre-Roll				JM		11	2022-02-01		1	11	11	11	5.9	1.3	4.6	small dead flies	fine grained sawdust; large black flies	large air pocket; fine grained sawdust	9.8	67	2					N			7						
S_d5c759d7	10	31	Human Excrement Compost				JM		11	2022-02-01		1	11	11	11	5.9	1.3	4.6		fine grained sawdust; large black flies	coconut coir; small air pocket	10	60	2					Y	white larvae	3	7			Y			Y
S_9d3c7f83	10	32	Human Excrement Compost Pre-Roll				JM		12	2022-02-08		2	11	11	11	5.9	1.3	4.6	small dead flies	fine grained sawdust	fine grained sawdust	9.3	92	2					N			7.6						
S_d418835c	10	33	Human Excrement Compost				JM		12	2022-02-08		2	11	12	11.5	5.9	1.3	4.6		fine grained sawdust	fine grained sawdust	9.2	80	2					N			7.7			Y		Y	
S_2998fa3d	10	34	Human Excrement Compost Pre-Roll				JM		13	2022-02-15		3	11.5	12	11.75	6	1.3	4.7		fine grained sawdust	fine grained sawdust; feces	10.7	100	2					N			7						
S_d31d5fe7	10	35	Human Excrement Compost				JM		13	2022-02-15		3	11.5	12	11.75	6	1.3	4.7		fine grained sawdust	fine grained sawdust	10.5	100	2					N			7			Y			Y
S_b2a20305	10	36	Human Excrement Compost Pre-Roll				LM		14	2022-02-22		4	10	9.5	9.75	6	1.3	4.7	small dead black flies	fine grained sawdust	fine grained sawdust	9.4	48	2					N			7						
S_2ac6c7a6	10	37	Human Excrement Compost				LM		14	2022-02-22		4	10	9.5	9.75	6	1.3	4.7		fine grained sawdust	fine grained sawdust	9.2	56	2					N			7			Y		Y	
S_cef6fe0b	10	38	Human Excrement Compost Pre-Roll				TL		15	2022-03-01		5	11.5	12	11.75	5.8	1.3	4.5	small dead black flies	fine grained sawdust; small dead flies	large air pocket; fine grained sawdust	9.9	81	2					Y	white larvae	3	7						
S_9015d806	10	39	Human Excrement Compost				TL		15	2022-03-01		5	11.5	11	11.25	5.8	1.3	4.5		fine grained sawdust	fine grained sawdust	10.2	96	2					N			7			Y			Y
S_0d746bf6	10	40	Human Excrement Compost Pre-Roll				TL		16	2022-03-08		6	11	9	10	5.8	1.3	4.5		fine grained sawdust	fine grained sawdust	9.7	100	2					Y	white larvae	3	7.5						
S_c056b57f	10	41	Human Excrement Compost				TL		16	2022-03-08		6	11	10	10.5	5.8	1.3	4.5		fine grained sawdust	fine grained sawdust	9.6	40	2					Y	white larvae	3	7.5			Y		Y	
S_9ea7de8f	10	42	Human Excrement Compost Pre-Roll				JY		17	2022-03-22		17	13	12	12.5	5.8	1.3	4.5	small dead black flies	fine grained sawdust	fine grained sawdust	10.7	100	2					Y	white larvae	3	7						
S_0aa6bece	10	43	Human Excrement Compost				JY		17	2022-03-22		17	14.5	14	14.25	5.8	1.3	4.5		fine grained sawdust	fine grained sawdust; air pocket	10.8	32	2					Y	white larvae	3	7			Y			Y
S_960a567a	10	44	Human Excrement Compost Pre-Roll				TL		18	2022-03-29		18	16	14	15	5.9	1.3	4.6	small dead black flies	fine grained sawdust; live black flies	large air pocket	12.1	100	2					N			7.5						
S_6a64744f	10	45	Human Excrement Compost				TL		18	2022-03-29		18	16	15	15.5	5.9	1.3	4.6		fine grained sawdust; live black flies	fine grained sawdust	12.4	82	2					N			7.5			Y	Y	Y	
S_e956fca2	10	46	Human Excrement Compost Pre-Roll				TL		19	2022-04-05		19	18.5	19	18.75	5.8	1.3	4.5		fine grained sawdust	fine grained sawdust; air pocket	15.5	100	2					N			7						
S_f0d08781	10	47	Human Excrement Compost				TL		19	2022-04-05		19	20	22	21	5.8	1.3	4.5		fine grained sawdust	fine grained sawdust	15.5	100	2					N			7			Y			Y
S_d9c55645	10	48	Human Excrement Compost Pre-Roll				TL		20	2022-04-12		20	12.5	12	12.25	5.8	1.3	4.5		fine grained sawdust	fine grained sawdust	15.1	100	2					N			7						
S_b758db00	10	49	Human Excrement Compost				TL		20	2022-04-12		20	12	13	12.5	5.8	1.3	4.5		fine grained sawdust	fine grained sawdust; air pocket	14.4	60	2					N			7			Y		Y	
S_efea584a	10	50	Human Excrement Compost Pre-Roll				TL		21	2022-04-19		1	14	14	14	5.7	1.3	4.4	live flies	fine grained sawdust; live flies	fine grained sawdust; air pocket	13.4	100	2					N			7						
S_fa359b62	10	51	Human Excrement Compost				TL		21	2022-04-19		1	14.5	13	13.75	5.7	1.3	4.4		fine grained sawdust	fine grained sawdust; air pocket	13.1	41	2					Y	live black fly	too fast to measure	7.5			Y			Y
S_11cbe445	10	52	Human Excrement Compost Pre-Roll				TL		22	2022-04-26		2	14.5	13	13.75	5.8	1.3	4.5	dead flies	fine grained sawdust	fine grained sawdust; large air pocket	10.6	100	2					N			7.5						
S_b3ac2ab0	10	53	Human Excrement Compost				TL		22	2022-04-26		2	14	13	13.5	5.8	1.3	4.5		fine grained sawdust	fine grained sawdust	10.8	100	2					N			7.5			Y		Y	
S_49d921ec	10	54	Human Excrement Compost Pre-Roll				TL		23	2022-05-03		3	15	15	15	5.8	1.3	4.5	dead flies	fine grained sawdust; live flies	large air pocket; fine grained sawdust	13.3	100	2					N			7						
S_1ffa9aae	10	55	Human Excrement Compost				TL		23	2022-05-03		3	16	15	15.5	5.8	1.3	4.5		fine grained sawdust; live flies	large air pocket; fine grained sawdust	13.1	15	2					N			7			Y			Y
S_f49cb040	10	56	Human Excrement Compost Pre-Roll				LW		24	2022-05-10		4	14	13	13.5	5.7	1.3	4.4	live fly	fine grained sawdust; live flies	large air pocket; fine grained sawdust	12.4	94	2					N			7						
S_fb1dede6	10	57	Human Excrement Compost				LW		24	2022-05-10		4	15	14	14.5	5.7	1.3	4.4		fine grained sawdust; live flies	large air pocket; fine grained sawdust	12.2	31	2					N			6.5			Y		Y	
S_b101a36e	10	58	Human Excrement Compost Pre-Roll				JM		25	2022-05-17		5	18	17	17.5	5.6	1.3	4.3	dead flies	fine grained sawdust; live flies	fine grained sawdust	14.4	100	2					Y	small live black fly	too fast to measure	7.5						
S_6b8f1762	10	59	Human Excrement Compost				JM		25	2022-05-17		5	18	17	17.5	5.6	1.3	4.3		fine grained sawdust; live flies	fine grained sawdust	14.2	100	2					N			7			Y			Y
S_be65b479	10	60	Human Excrement Compost Pre-Roll				LW		26	2022-05-24		6	16	17	16.5	5.6	1.3	4.3	dead flies	fine grained sawdust; live flies	fine grained sawdust	12.8	100	2					N			7						
S_847dd5e5	10	61	Human Excrement Compost				LW		26	2022-05-24		6	16	17	16.5	5.6	1.3	4.3		fine grained sawdust; live flies	fine grained sawdust	12.5	61	2					N			6.5			Y		Y	
S_e0cea659	10	62	Human Excrement Compost Pre-Roll				LW		27	2022-05-31		7	20	21	20.5	5.6	1.3	4.3	dead flies	fine grained sawdust; live flies	fine grained sawdust	12.7	49	2					Y	white small live larva	5	6.5						
S_4c2deea5	10	63	Human Excrement Compost				LW		27	2022-05-31		7	20	22	21	5.6	1.3	4.3		fine grained sawdust; live flies	fine grained sawdust	12.9	43	2					N			6.5			Y			Y
S_74896872	10	64	Human Excrement Compost Pre-Roll				LW		28	2022-06-07		8	23	25	24	5.6	1.3	4.3	live fly	fine grained sawdust	fine grained sawdust	17.2	74	2					Y	white small larva	3	6.5						
S_cd995e92	10	65	Human Excrement Compost				LW		28	2022-06-07		8	23	25	24	5.6	1.3	4.3		fine grained sawdust	fine grained sawdust	17.5	100	2					N			7			Y		Y	
S_54867a46	10	66	Human Excrement Compost Pre-Roll				ST		29	2022-06-14		9	22	20	21	5.6	1.3	4.3	dust; dead flies	fine grained sawdust; live black flies	fine grained sawdust; live black flies; large air pocket	18.1	100	2					Y	live black flies	too fast to measure	7						
S_8ee6ac44	10	67	Human Excrement Compost				ST		29	2022-06-14		9	21	21	21	5.6	1.3	4.3		fine grained sawdust; live black flies	fine grained sawdust; live black flies; large air pocket	17.3	80	2					Y	live black flies	too fast to measure	7			Y			Y
S_b25330d8	10	68	Human Excrement Compost Pre-Roll				JM		30	2022-06-21		10	20.5	23	21.75	5.6	1.3	4.3		fine grained sawdust; live black flies	fine grained sawdust; live black flies	15.2	100	2					Y	live black flies	too fast to measure	6.5						
S_ac2f1414	10	69	Human Excrement Compost				JM		30	2022-06-21		10	20.5	23	21.75	5.6	1.3	4.3		fine grained sawdust; live black flies	fine grained sawdust; live black flies	15.7	87	2					Y	live black flies	too fast to measure	6.5			Y		Y	
S_77a2bad0	10	70	Human Excrement Compost Pre-Roll				LW		31	2022-06-28		11	30.5	31	30.75	5.6	1.3	4.3	fly tape residue	fine grained sawdust; live black flies	large airpocket; fine grained sawdust; live black flies	22.1	100	2					N			6						
S_05600bc0	10	71	Human Excrement Compost				LW		31	2022-06-28		11	31	30	30.5	5.6	1.3	4.3	fly tape residue	fine grained sawdust; live black flies	large airpocket; fine grained sawdust; live black flies	21.9	100	2					N			5.5			Y			Y
S_9dc040eb	10	72	Human Excrement Compost Pre-Roll				JM		32			12																										
S_879c8f7d	10	73	Human Excrement Compost				LW		32	2022-07-05		12	23.5	22	22.75	5.6	1.3	4.3	fly tape residue	fine grained sawdust; live black flies	large airpocket; fine grained sawdust; live black flies	17.9	27	2					N			5.5			Y		Y	
S_3d567ac1	10	74	Human Excrement Compost Pre-Roll				JM		33			13																										
S_be501bd2	10	75	Human Excrement Compost				LW		33	2022-07-12		13	26	27.5	26.75	5.5	1.3	4.2	fly tape residue; dust	fine grained sawdust; live black flies	fine grained sawdust; feces; piece of hair	19	63	2					Y	live black fly	too fast to measure	5.5			Y			Y
S_fcb7ffff	10	76	Human Excrement Compost				LW		34	2022-07-19		14	33	35	34	5.5	1.3	4.2	fly tape residue; dust	fine grained sawdust	fine grained sawdust; feces	21.9	100	2					N			6			Y		Y	
S_97fef86c	10	77	Human Excrement Compost				LW		35	2022-07-26		15	20	20	20	5.6	1.3	4.3	fly tape residue	fine grained sawdust	fine grained sawdust; feces	18.6	93	2					N			6			Y	Y		Y
S_b53b245a	10	78	Human Excrement Compost				JM		36	2022-08-02		16	23.5	24	23.75	5.6	1.3	4.3	fly tape residue	fine grained sawdust	fine grained sawdust; feces	19.5	100	2					N			6			Y		Y	
S_93e3e89a	10	79	Human Excrement Compost				LW		37	2022-08-09		17	24.5	25	24.75	5.5	1.3	4.2	fly tape residue	fine grained sawdust	fine grained sawdust; feces	21	78	2					N			5.5			Y			Y
S_4448db02	10	80	Human Excrement Compost				JM		38	2022-08-16		18	21.5	22	21.75	5.4	1.3	4.1	fly tape residue	fine grained sawdust	fine grained sawdust; feces	18.2	78	2					N			5			Y		Y	
S_b58eb065	10	81	Human Excrement Compost				LW		39	2022-08-23		19	22	22	22	5.5	1.3	4.2	fly tape residue	fine grained sawdust	fine grained sawdust; feces; large air pocket	18.4	100	2					N			5.5			Y			Y
S_a5fe4374	10	82	Human Excrement Compost				JM		40	2022-08-30		20	22	22	22	5.5	1.3	4.2		fine grained sawdust	fine grained sawdust; large air pocket	18.7	100	2					N			5			Y		Y	
S_fc85d6cb	10	83	Human Excrement Compost				KVO		41	2022-09-06		1	21	21	21	5.4	1.3	4.1		fine grained sawdust	fine grained sawdust; feces; large air pocket	16.3	96	2					N			5			Y			Y
S_ff83cb9b	10	84	Human Excrement Compost				KVO		42	2022-09-13		2	21	21	21	5.4	1.3	4.1		fine grained sawdust; fly	fine grained sawdust; large air pockets	16	84	2					N			5.5			Y		Y	
S_4ecc4834	10	85	Human Excrement Compost				AKW		43	2022-09-20		3	16.5	17	16.75	5.4	1.3	4.1		fine grained sawdust	fine grained sawdust; large air pocket	15.2	84	2					N			5			Y			Y
S_ee7b1359	10	86	Human Excrement Compost				AKW		44	2022-09-27		4	18	17	17.5	5.3	1.3	4		fined grained sawdust	fine grained sawdust; large air pocket	15.2	100	2					N			5			Y		Y	
S_134834b5	10	87	Human Excrement Compost				KVO		45	2022-10-04		5	14.5	15	14.75	5.4	1.3	4.1		fined grained sawdust	fine grained sawdust; large air pocket	13.5	100	2					N			5			Y			Y
S_d83b8521	10	88	Human Excrement Compost				KVO		46	2022-10-11		6	15	15	15	5.4	1.3	4.1		fined grained sawdust	fined grained sawdust; large air pocket		100	2					N			5			Y		Y	
S_f2f445b1	10	89	Human Excrement Compost				AKW		47	2022-10-18		7	15.5	16	15.75	5.3	1.3	4		fine grained sawdust	feces; fine grained sawdust	12.1	100	2					N			4.5			Y			Y
S_440c9371	10	90	Human Excrement Compost				AR		48	2022-10-25		8	16	16	16	5.2	1.3	3.9		fine grained sawdust	fine grained sawdust; feces	11.3	62	2					N			4.5			Y		Y	
S_3fdb8f91	10	91	Human Excrement Compost				KVO		49	2022-11-01		9	14	13	13.5	5.3	1.3	4		fine grained sawdust	fine grained sawdust; feces; large air pocket	10.9	100	2					N			5			Y			Y
S_9ac2a6c5	10	92	Human Excrement Compost				AR		50	2022-11-08		10	14	14	14	5.3	1.3	4		fine grained sawdust	feces; large air poocket	10.6	84	2					N			5			Y		Y	
S_21aca7ad	10	93	Human Excrement Compost				KVO		51	2022-11-15		11	15.5	16	15.75	5.3	1.3	4		fine grained sawdust	feces; large air poocket	10.2	100	2					N			5.5			Y			Y
S_5cd0f47f	10	94	Human Excrement Compost				KVO		52	2022-11-22		12	15	15	15	5.2	1.3	3.9		fine grained sawdust	coconut coir	10.3	100	2					N			5			Y	Y	Y	
S_f8843cfb	10		Human Excrement Compost				PI			2023-08-10		5	23	22.5	22.75	4.9	1.3	3.6		fine grained sawdust	clump of fine grained sawdust	16.7	70	2					N			6	Samples collected; DNA not extracted					
S_55c5f9cd	11	1	Bulking Material				Participant	Fine Grained Sawdust		2021-11-01																									Y	Y		Y
S_188af463	11	2	Inside Toilet Pre Use				Participant			2021-11-01																									Y			Y
S_adf70ace	11	3	Soil Nearby Toilet				Participant			2021-11-01																									Y			Y
S_29a5795e	11	4	Human Excrement				Participant			2021-11-01																									Y	Y		Y
S_1f98752c	11	5	Human Excrement				Participant			2021-11-08																									Y	Y		Y
S_9d3aefae	11	6	Human Excrement				Participant			2021-11-22																									Y	Y		Y
S_775f676e	11	7	Bulking Material				Participant	Pine Shavings		2021-12-07																							Added 0.1 kg of pine shavings		Y			Y
S_c8e7f413	11	8	Human Excrement Compost Pre-Roll				JM		1	2021-11-23	Fall	10	16	15	15.5	6.1	1.4	4.7		large grained sawdust	large grained sawdust; toilet paper	13.2		2.2					N			7.6						
S_67499299	11	9	Human Excrement Compost				JM		1	2021-11-23	Fall	10	16	15	15.5	6.1	1.4	4.7		large grained sawdust	fine grained sawdust; toilet paper	12.9		1.8					N			8			Y	Y		Y
S_86680dd2	11	10	Human Excrement Compost Pre-Roll				JM		2	2021-11-30	Fall	11	19	18	18.5	6	1.4	4.6		large grained sawdust	fine grained sawdust; feces	12.8	86	2.3					N			8.2	Musty sewer smell when rolling					
S_5bfeaafe	11	11	Human Excrement Compost				JM		2	2021-11-30	Fall	11	19.5	18	18.75	6	1.4	4.6		large grained sawdust	fine grained sawdust; feces	15.2	81	1.8					N			8.4			Y		Y	
S_f26ae34a	11	12	Human Excrement Compost Pre-Roll				JM		3	2021-12-07	Fall	12	14.5	15	14.75	8.1	1.4	6.7		large grained sawdust	white larvae; fine grained sawdust; smelly	13.5		1.9					Y	white larva	5	9	Added 0.1 kg of pine shavings. Upon opening bucket clumps of feces; with white mold; 1 white larva. Bucket 1/2 full					
S_9cde6269	11	13	Bulking Material				JM		3	2021-12-07	Fall																								Y			Y
S_576b2662	11	14	Human Excrement Compost				JM		3	2021-12-07	Fall	12	14.5	15	14.75	8.1	1.4	6.7		large grained sawdust	pine shavings; large grained sawdust	13.6		1.9					N			6.6			Y			Y
S_d8ad5bb3	11	15	Human Excrement Compost Pre-Roll				JM		4	2021-12-14	Fall	13	14	14	14	6.3	1.4	4.9		large grained sawdust	pine shavings; large grained sawdust; mold	12.7	98	1.8					N			7						
S_1cb831b3	11	16	Human Excrement Compost				JM		4	2021-12-14	Fall	13	15.5	15	15.25	6.3	1.4	4.9		large grained sawdust	pine shavings; large grained sawdust	12.7	27	2					N			7			Y		Y	
S_22a1849a	11	17	Human Excrement Compost Pre-Roll				JM		5	2021-12-21	Fall	14	11.5	12	11.75	6.3	1.4	4.9		large grained sawdust	pine shavings; large grained sawdust	11.6	64	2					N			7.2						
S_bab57842	11	18	Human Excrement Compost				JM		5	2021-12-21	Fall	14	12.5	12	12.25	6.3	1.4	4.9		large grained sawdust	feces; pine shavings; large grained sawdust	11.6	100	2					N			7.4			Y			Y
S_aae321ef	11	19	Human Excrement Compost Pre-Roll				JM		6	2021-12-28	Fall	15	9	8	8.5	6.3	1.4	4.9		large grained sawdust; pine shavings	large grained sawdust; fine grained sawdust; pine shavings; feces; white mold	10.2	100	2.1					N			8						
S_cb8db4ff	11	20	Human Excrement Compost				JM		6	2021-12-28	Fall	15	9	8	8.5	6.3	1.4	4.9		large grained sawdust; pine shavings	large grained sawdust; pine shavings	9.2	24	2.1					N			8			Y		Y	
S_d65cc288	11	21	Human Excrement Compost Pre-Roll				JM		7	2022-01-04	Fall	16	13	12	12.5	6.3	1.4	4.9		large grained sawdust; pine shavings	large grained sawdust; pine shavings	10.7	49	2					N			8						
S_3eb54bbe	11	22	Human Excrement Compost				JM		7	2022-01-04	Fall	16	13.5	12	12.75	6.3	1.4	4.9		large grained sawdust; pine shavings	large grained sawdust; pine shavings	12.9	89	2					N			8			Y			Y
S_3ae1dabf	11	23	Human Excrement Compost Pre-Roll				JM		8	2022-01-11	Fall	17	10.5	10	10.25	6.2	1.4	4.8		large grained sawdust; pine shavings	large grained sawdust; pine shavings	10.9	72	2					N			7.6						
S_b2094a72	11	24	Human Excrement Compost				JM		8	2022-01-11	Fall	17	11.5	10	10.75	6.2	1.4	4.8		large grained sawdust; pine shavings	large grained sawdust; pine shavings	10.2	76	2.1					N			7.2			Y		Y	
S_d8f20756	11	25	Human Excrement Compost Pre-Roll				JM		9	2022-01-19		18	10.5	11	10.75	6.2	1.4	4.8		large grained sawdust; pine shavings	pine shavings; feces	11.6	100	2					N			7.1						
S_5b1f9f9d	11	26	Human Excrement Compost				JM		9	2022-01-19		18	11	10	10.5	6.2	1.4	4.8		large grained sawdust; pine shavings	looselYpacked pine shavings	10.6	51	2					N			7.7			Y			Y
S_5ae68315	11	27	Human Excrement Compost Pre-Roll				LW		10	2022-01-25		19	12	11	11.5	6.2	1.4	4.8		large grained sawdust; pine shavings	looselYpacked pine shavings	10.8	56	2.1					N			7.5						
S_12469621	11	28	Human Excrement Compost				LW		10	2022-01-25		19	12	11	11.5	6.2	1.4	4.8		large grained sawdust; pine shavings	looselYpacked pine shavings	10.8	36	2					N			7.8			Y		Y	
S_1e16a668	11	29	Human Excrement Compost Pre-Roll				JM		11	2022-02-01		20	12	11	11.5	6.1	1.4	4.7		large grained sawdust and pine shavings	pine shavings; large grained sawdust	10.6	93	2					N			7						
S_63a2a9dc	11	30	Human Excrement Compost				JM		11	2022-02-01		20	12	12	12	6.1	1.4	4.7		large grained sawdust; pine shavings	large grained sawdust; pine shavings	10.6	66	2					N			7.5			Y			Y
S_923c46fe	11	31	Human Excrement Compost Pre-Roll				JM		12	2022-02-08		1	12	12	12	6.1	1.4	4.7	small black flies	large grained sawdust; pine shavings	large grained sawdust; pine shavings	9.6	69	2					N			7						
S_96d531fd	11	32	Human Excrement Compost				JM		12	2022-02-08		1	12	12	12	6.1	1.4	4.7		large grained sawdust; pine shavings	large grained sawdust; pine shavings	9.5	72	2					N			7			Y		Y	
S_9de69bf5	11	33	Human Excrement Compost Pre-Roll				JM		13	2022-02-15		2	13	12	12.5	6.1	1.4	4.7		large grained sawdust; pine shavings	large grained sawdust; pine shavings	11	100	2					N			7.5						
S_ed76d05a	11	34	Human Excrement Compost				JM		13	2022-02-15		2	12.5	12	12.25	6.1	1.4	4.7		large grained sawdust; pine shavings	large grained sawdust; pine shavings	11.1	91	2					N			7.5			Y			Y
S_713b691e	11	35	Human Excrement Compost Pre-Roll				JM		14	2022-02-22		3	10	10	10	6.1	1.4	4.7	small dead black flies	pine shavings; feces	pine shavings; feces	10.1	73	2					N			7.5						
S_e587d6e8	11	36	Human Excrement Compost				JM		14	2022-02-22		3	10	9.5	9.75	6.1	1.4	4.7		large grained sawdust; pine shavings	large grained sawdust; pine shavings	9.6	53	2					N			7.5			Y		Y	
S_affe81ba	11	37	Human Excrement Compost Pre-Roll				JM		15	2022-03-01		4	11.5	12	11.75	6	1.4	4.6	small dead black flies	large grained sawdust; pine shavings	large grained sawdust; pine shavings	10.3	84	2					N			7.5						
S_55f45948	11	38	Human Excrement Compost				JM		15	2022-03-01		4	11.5	11	11.25	6	1.4	4.6		large grained sawdust; pine shavings	large grained sawdust; pine shavings	10.3	59	2					N			7.5			Y			Y
S_56c1457e	11	39	Human Excrement Compost Pre-Roll				TL		16	2022-03-08		5	11	10	10.5	6.1	1.4	4.7	several dead black flies	brown residue	large grained sawdust; pine shavings	9.5	93	2					N			7.5						
S_36a6804b	11	40	Human Excrement Compost				TL		16	2022-03-08		5	12	10	11	6.1	1.4	4.7		brown residue	large grained sawdust; pine shavings	9.3	85	2					N			7.5			Y		Y	
S_7585b92a	11	41	Human Excrement Compost Pre-Roll				TL		17	2022-03-22		6	15	13.5	14.25	6.1	1.4	4.7	several dead black flies	pine shavings	large grained sawdust; pine shavings	10.9	64	2					N			7.5						
S_aac585bb	11	42	Human Excrement Compost				TL		17	2022-03-22		6	14	14	14	6.1	1.4	4.7		pine shavings	large grained sawdust; pine shavings	10.6	76	2					N			7			Y			Y
S_30d52652	11	43	Human Excrement Compost Pre-Roll				TL		18	2022-03-29		7	14.5	15	14.75	6	1.4	4.6	fly tape residue	pine shavings	large grained sawdust; pine shavings	12.3	82	2					N			7.5						
S_044403a4	11	44	Human Excrement Compost				TL		18	2022-03-29		7	13	14	13.5	6	1.4	4.6	fly tape residue	pine shavings	large grained sawdust; pine shavings	11.8	49	2					N			7			Y	Y	Y	
S_0ec2c1fc	11	45	Human Excrement Compost Pre-Roll				TL		19	2022-04-05		8	19	21	20	6	1.4	4.6	fly tape residue	pine shavings	large grained sawdust; pine shavings	15	65	2					N			7.5						
S_9bd1c25c	11	46	Human Excrement Compost				TL		19	2022-04-05		8	21.5	19	20.25	6	1.4	4.6	fly tape residue	pine shavings	large grained sawdust; pine shavings	16.9	98	2					N			7.5			Y			Y
S_ae4e738d	11	47	Human Excrement Compost Pre-Roll				TL		20	2022-04-12		9	14	13	13.5	6	1.4	4.6	fly tape residue	pine shavings	large grained sawdust; pine shavings	14.1	94	2					N			7.5						
S_b251508d	11	48	Human Excrement Compost				TL		20	2022-04-12		9	13.5	12	12.75	6	1.4	4.6	fly tape residue	pine shavings	large grained sawdust; pine shavings; air pocket	13.7	54	2					N			7.5			Y		Y	
S_12a4d316	11	49	Human Excrement Compost Pre-Roll				TL		21	2022-04-19		10	14.5	13	13.75	6	1.4	4.6	fly tape residue	pine shavings	large grained sawdust; pine shavings; air pocket	13.3	80	2					N			7.5						
S_8499e12f	11	50	Human Excrement Compost				TL		21	2022-04-19		10	15.5	14	14.75	6	1.4	4.6	fly tape residue	pine shavings	large grained sawdust; pine shavings; air pocket	13.3	100	2					N			7.5			Y			Y
S_0e32c37f	11	51	Human Excrement Compost Pre-Roll				TL		22	2022-04-26		11	13.5	13	13.25	5.9	1.4	4.5	fly tape residue	pine shavings	large grained sawdust; feces	11.6	100	2					N			7.5						
S_d21c7f3d	11	52	Human Excrement Compost				TL		22	2022-04-26		11	14.5	13	13.75	5.9	1.4	4.5	fly tape residue	pine shavings	large grained sawdust; feces	13.3	100	2					N			7.5			Y		Y	
S_f61c77c4	11	53	Human Excrement Compost Pre-Roll				TL		23	2022-05-03		12	16.5	15	15.75	5.9	1.4	4.5	fly tape residue	pine shavings	large grained sawdust; pine shavings	13.8	90	2					N			7						
S_0dacb262	11	54	Human Excrement Compost				TL		23	2022-05-03		12	16.5	15	15.75	5.9	1.4	4.5	fly tape residue	pine shavings	large grained sawdust; pine shavings	14.4	100	2					N			7			Y			Y
S_6c3b0d27	11	55	Human Excrement Compost Pre-Roll				LW		24	2022-05-10		13	15	14	14.5	5.9	1.4	4.5	fly tape residue	pine shavings	large grained sawdust; pine shavings	13.2	90	2					N			7						
S_8efe4e8f	11	56	Human Excrement Compost				LW		24	2022-05-10		13	16	14	15	5.9	1.4	4.5	fly tape residue	pine shavings	large grained sawdust; pine shavings; feces	13.7	75	2					N			7			Y		Y	
S_fb209fd4	11	57	Human Excrement Compost Pre-Roll				JM		25	2022-05-17		14	19	17	18	5.9	1.4	4.5	fly tape residue	pine shavings	large grained sawdust; pine shavings; feces	14.7	93	2					N			7						
S_5d75a88e	11	58	Human Excrement Compost				JM		25	2022-05-17		14	19	18	18.5	5.9	1.4	4.5	fly tape residue	pine shavings	large grained sawdust; pine shavings; feces	14.8	62	2					N			7			Y			Y
S_e9c0f5b7	11	59	Human Excrement Compost Pre-Roll				LW		26	2022-05-24		15	17	18	17.5	5.9	1.4	4.5	fly tape residue	pine shavings	large grained sawdust; pine shavings; feces	13.2	58	2					N			8						
S_0e803cf2	11	60	Human Excrement Compost				LW		26	2022-05-24		15	17	19	18	5.9	1.4	4.5	fly tape residue	pine shavings	large grained sawdust; pine shavings; feces	13.4	39	2					N			8			Y		Y	
S_50cf3f8c	11	61	Human Excrement Compost Pre-Roll				LW		27	2022-05-31		16	21	23	22	6	1.4	4.6	fly tape residue	pine shavings	large grained sawdust; pine shavings; feces	13	73	2					N			7.5						
S_74aa9dfe	11	62	Human Excrement Compost				LW		27	2022-05-31		16	22	24	23	6	1.4	4.6	fly tape residue	pine shavings	large grained sawdust; pine shavings; feces	14.4	100	2					N			7.5			Y			Y
S_dfa21979	11	63	Human Excrement Compost Pre-Roll				LW		28	2022-06-07		17	24	25	24.5	5.8	1.4	4.4	fly tape residue	pine shavings	large grained sawdust; pine shavings; feces	17	75	2					N			7						
S_e84744ba	11	64	Human Excrement Compost				LW		28	2022-06-07		17	24	25	24.5	5.8	1.4	4.4	fly tape residue	pine shavings	large grained sawdust; pine shavings; feces	19.2	76	2					N			8			Y		Y	
S_2878451e	11	65	Human Excrement Compost Pre-Roll				ST		29	2022-06-14		18	22	23	22.5	5.8	1.4	4.4	fly tape residue	pine shavings	large grained sawdust; pine shavings; feces	17.1	100	2					N			6.5	consider adding pine shavings if still smells sour					
S_8806750b	11	66	Human Excrement Compost				ST		29	2022-06-14		18	22	23	22.5	5.8	1.4	4.4	fly tape residue	pine shavings	large grained sawdust; pine shavings; feces	18.8	80	2					N			7			Y			Y
S_59ca6ccd	11	67	Human Excrement Compost Pre-Roll				LW		30	2022-06-21		19	22	24	23	5.8	1.4	4.4	fly tape residue	pine shavings	large grained sawdust; pine shavings	15.4	100	2					N			7						
S_1efef123	11	68	Human Excrement Compost				LW		30	2022-06-21		19	22	24	23	5.8	1.4	4.4	fly tape residue	pine shavings	large grained sawdust; pine shavings	18	71	2					N			7			Y		Y	
S_5f6857b0	11	69	Human Excrement Compost Pre-Roll				LW		31	2022-06-28		20	31.5	31	31.25	5.8	1.4	4.4	fly tape residue	pine shavings	large grained sawdust; pine shavings	23.5	86	2					N			9						
S_445427a7	11	70	Human Excrement Compost				LW		31	2022-06-28		20	32.5	34	33.25	5.8	1.4	4.4	fly tape residue	pine shavings	large grained sawdust; pine shavings	26.7	100	2					N			7			Y			Y
S_7a97be8f	11	71	Human Excrement Compost Pre-Roll				JM		32			1																										
S_832ad354	11	72	Human Excrement Compost				LW		32	2022-07-05		1	27	25	26	5.8	1.4	4.4	fly tape residue	pine shavings	large grained sawdust; pine shavings	18.2	75	2								6.7			Y		Y	
S_137c6bcf	11	73	Human Excrement Compost Pre-Roll				JM		33			2																										
S_c9ed660c	11	74	Human Excrement Compost				LW		33	2022-07-12		2	26	26.5	26.25	5.7	1.4	4.3	fly tape residue	pine shavings	large grained sawdust; pine shavings	18.7	57	2					N			6.5			Y			Y
S_5fb42ff4	11	75	Human Excrement Compost				LW		34	2022-07-19		3	34	35	34.5	5.7	1.4	4.3	fly tape residue	pine shavings	large grained sawdust; pine shavings	20.9	80	2					N			5.5			Y		Y	
S_ce0da8a2	11	76	Human Excrement Compost				LW		35	2022-07-26		4	20	20	20	5.8	1.4	4.4	fly tape residue	pine shavings	large grained sawdust; pine shavings	18.4	60	2					N			6			Y	Y		Y
S_6ddc1e92	11	77	Human Excrement Compost				JM		36	2022-08-02		5	24	24	24	5.8	1.4	4.4	fly tape residue	pine shavings	large grained sawdust; pine shavings	19	100	2					N			6			Y		Y	
S_55cb733a	11	78	Human Excrement Compost				LW		37	2022-08-09		6	24.5	25	24.75	5.8	1.4	4.4	fly tape residue; small live black flies	pine shavings	large grained sawdust; pine shavings; small live black flies	19.2	64	2					Y	small live black flies	too fast to measure	5.5			Y			Y
S_21f2e6d0	11	79	Human Excrement Compost				JM		38	2022-08-16		7	23	22	22.5	5.7	1.4	4.3	fly tape residue; small live black flies	pine shavings	large grained sawdust; pine shavings; small live black flies	17.7	69	2					Y			5.5			Y		Y	
S_7b75a618	11	80	Human Excrement Compost				LW		39	2022-08-23		8	22	22	22	5.7	1.4	4.3	fly tape residue	pine shavings	large grained sawdust; pine shavings	17.2	76	2					N			5.5			Y			Y
S_3d28b2c5	11	81	Human Excrement Compost				JM		40	2022-08-30		9	23	23	23	5.6	1.4	4.2	fly tape residue	pine shavings	feces; large grained sawdust; pine shavings	17.9	80	2					Y	small live black fly	2	5.5			Y		Y	
S_63be0bbd	11	82	Human Excrement Compost				KVO		41	2022-09-06		10	22	22	22	5.5	1.4	4.1		pine shavings	pine shavings, small black flies	17.3	92	2					N			5.5			Y			Y
S_28118f3f	11	83	Human Excrement Compost				AR		42	2022-09-13		11	21	21	21	5.6	1.4	4.2		pine shavings; small black flies	pine shavings	16.3	94	2					Y	small white larva	1	5			Y		Y	
S_a5e48db7	11	84	Human Excrement Compost				AKW		43	2022-09-20		12	17	17	17	5.6	1.4	4.2		pine shavings	pine shavings	16.6	100	2					Y	live black fly	3	5			Y			Y
S_6b8a9ada	11	85	Human Excrement Compost				AKW		44	2022-09-27		13	19	18	18.5	5.5	1.4	4.1		pine shavings	pine shavings	15.6	100	2					Y	live black fly	3	5			Y		Y	
S_5cec9b6c	11	86	Human Excrement Compost				KVO		45	2022-10-04		14	15	15	15	5.6	1.4	4.2		pine shavings	pine shavings; feces	14.3	100	2					N			6.5			Y			Y
S_5d14af75	11	87	Human Excrement Compost				KVO		46	2022-10-11		15	15	15	15	5.6	1.4	4.2		pine shavings	pine shavings		100	2					N			5			Y		Y	
S_1934403a	11	88	Human Excrement Compost				KVO		47	2022-10-18		16	15	14.5	14.75	5.6	1.4	4.2		pine shavings	pine shavings	12.9	100	2					N			5			Y			Y
S_84229045	11	89	Human Excrement Compost				AR		48	2022-10-25		17	16.5	17	16.75	5.6	1.4	4.2		pine shavings	pine shavings	12.1	100	2					N			5			Y		Y	
S_c3ebaefa	11	90	Human Excrement Compost				AR		49	2022-11-01		18	14	14	14	5.5	1.4	4.1		pine shavings; feces; live black flies	feces; pine shavings	10.6	100	2					N			5			Y			Y
S_d8d7f00c	11	91	Human Excrement Compost				AR		50	2022-11-08		19	16	16	16	5.5	1.4	4.1		pine shavings	pine shavings	11.6	89	2					N			5			Y		Y	
S_a4dfa96e	11	92	Human Excrement Compost				AR		51	2022-11-15		20	13	13	13	5.5	1.4	4.1		pine shavings	pine shavings; feces	11.3	80	2					N			5			Y			Y
S_94751007	11	93	Human Excrement Compost				KVO		52	2022-11-22		1	15.5	16	15.75	5.5	1.4	4.1		pine shavings	pine shavings; feces	10.4	73	2					N			5			Y	Y	Y	
S_a4499f75	11		Human Excrement Compost				PI			2023-08-10		8	23	22.5	22.75	5.2	1.4	3.8		pine shavings, large grained sawdust	pine shavings	17.9	92	2					N			4.75	Samples collected; DNA not extracted					
S_43a5fb8c	12	1	Bulking Material				Participant	Fine Grained Sawdust		2021-11-14																									Y	Y		Y
S_94ff498c	12	2	Other Controls				Participant			2021-11-14																									Y			
S_3b2b7a70	12	3	Inside Toilet Pre Use				Participant			2021-11-14																									Y			Y
S_27c41e29	12	4	Soil Nearby Toilet				Participant			2021-11-14																									Y			Y
S_6360ad23	12	5	Human Excrement				Participant			2021-11-14																									Y	Y		Y
S_a6c2ce02	12	6	Human Excrement				Participant			2021-11-22																									Y	Y		Y
S_41248d58	12	7	Human Excrement				Participant			2021-12-02																									Y	Y		Y
S_c016c0d5	12	8	Human Excrement Compost Pre-Roll				JM		1	2021-12-07	Winter	7	15	15	15	5.8	1.35	4.45		fine grained sawdust	fine grained sawdust; toilet paper	4.5		2					N			6.4						
S_be4ff0e8	12	9	Human Excrement Compost				JM		1	2021-12-07	Winter	7	15	15	15	5.8	1.35	4.45		fine grained sawdust	fine grained sawdust; toilet paper	8.9		1.9					N			6.4			Y	Y		Y
S_13ad4c21	12	10	Human Excrement Compost Pre-Roll				JM		2	2021-12-14	Winter	8	16	16	16	5.8	1.35	4.45		fine grained sawdust	fine grained sawdust	12.2	54	2					N			6.4						
S_12422e94	12	11	Human Excrement Compost				JM		2	2021-12-14	Winter	8	15.5	15	15.25	5.8	1.35	4.45		fine grained sawdust	loose packed fine grained sawdust	12.3	54	1.8					N			7			Y		Y	
S_443805f1	12	12	Human Excrement Compost Pre-Roll				JM		3	2021-12-21	Winter	9	11.5	11	11.25	5.8	1.35	4.45		fine grained sawdust	loose packed fine grained sawdust	11.1	83	2					N			7						
S_c0a69692	12	13	Human Excrement Compost				JM		3	2021-12-21	Winter	9	12	11	11.5	5.8	1.35	4.45		fine grained sawdust	loose packed fine grained sawdust	10.8	77	2					N			7			Y			Y
S_1542a077	12	14	Human Excrement Compost Pre-Roll				JM		4	2021-12-28	Winter	10	10	10	10	5.8	1.35	4.45		fine grained sawdust	fine grained sawdust	10.3	64	2.1					N			7.4						
S_370cba1e	12	15	Human Excrement Compost				JM		4	2021-12-28	Winter	10	10	10	10	5.8	1.35	4.45		fine grained sawdust	fine grained sawdust; toilet paper	10.2	51	2.2					N			7.4	"I changed the last characrter in Sample id on 1.14.23 from ""f"" to ""e"" because there was an error in the sequencing code."		Y		Y	
S_bb570e76	12	16	Human Excrement Compost Pre-Roll				JM		5	2022-01-04	Winter	11	12	12	12	5.8	1.35	4.45		fine grained sawdust	fine grained sawdust; toilet paper	10.6	74	2					N			7.4						
S_dfcd5839	12	17	Human Excrement Compost				JM		5	2022-01-04	Winter	11	13	12	12.5	5.8	1.35	4.45		fine grained sawdust	fine grained sawdust; toilet paper; feces	10.8	64	2					N			7.2	changed 4fcd5839 to dfcd5839 1.14.23		Y			Y
S_824d147d	12	18	Human Excrement Compost Pre-Roll				JM		6	2022-01-11	Winter	12	12.5	11	11.75	5.8	1.35	4.45		fine grained sawdust	fine grained sawdust	9.7	75	2					N			7						
S_83ba8f02	12	19	Human Excrement Compost				JM		6	2022-01-11	Winter	12	11.5	10	10.75	5.8	1.35	4.45		fine grained sawdust	fine grained sawdust; feces	10.3	40	2					N			7.6			Y		Y	
S_5e09d1eb	12	20	Human Excrement Compost Pre-Roll				JM		7	2022-01-19	Winter	13	10.5	10	10.25	5.8	1.35	4.45	white larva on top	fine grained sawdust	fine grained sawdust; feces; white fungus	10.2	34	2					N			7.7	Moisture level appears low due to air pockets					
S_2147799c	12	21	Human Excrement Compost				JM		7	2022-01-19	Winter	13	11	10	10.5	5.8	1.35	4.45		fine grained sawdust	loose packed fine grained sawdust	10.4	37	2					N			7.7			Y			Y
S_7d0aef1b	12	22	Human Excrement Compost Pre-Roll				LW		8	2022-01-25	Winter	14	12	12	12	5.7	1.35	4.35	dead fly; white larvae	fine grained sawdust	loose packed fine grained sawdust	11.1	54	2					N			7.7						
S_06684b18	12	23	Human Excrement Compost				LW		8	2022-01-25	Winter	14	13	12	12.5	5.7	1.35	4.35		fine grained sawdust	loose packed fine grained sawdust	10.6	43	2					N			6.5	pH changed due to feces clump in previous sample		Y		Y	
S_e5f646f0	12	24	Human Excrement Compost Pre-Roll				JM		9	2022-02-01		15	12	12	12	5.8	1.35	4.45		fine grained sawdust; large black fly	fine grained sawdust	10.5	63	2					N			6.7						
S_db1d729a	12	25	Human Excrement Compost				JM		9	2022-02-01		15	13	12	12.5	5.8	1.35	4.45		fine grained sawdust; large black fly	fine grained sawdust; feces	10.9	40	2					N			6.7			Y			Y
S_eec39d7b	12	26	Human Excrement Compost Pre-Roll				JM		10	2022-02-08		16	12	12	12	5.7	1.35	4.35		fine grained sawdust	fine grained sawdust	9.7	54	2					N			7						
S_bbeaf18d	12	27	Human Excrement Compost				JM		10	2022-02-08		16	13.5	12	12.75	5.7	1.35	4.35		fine grained sawdust	fine grained sawdust	9.4	34	2					N			7			Y		Y	
S_ce3ab0ec	12	28	Human Excrement Compost Pre-Roll				JM		11	2022-02-15		17	11.5	12	11.75	5.6	1.35	4.25		fine grained sawdust	fine grained sawdust; feces	11	43	2					N			7.3						
S_4eb68891	12	29	Human Excrement Compost				JM		11	2022-02-15		17	12	12	12	5.6	1.35	4.25		fine grained sawdust	fine grained sawdust	10.6	56	2					N			6.7			Y			Y
S_2174056f	12	30	Human Excrement Compost Pre-Roll				JM		12	2022-02-22		18	10	9.5	9.75	5.6	1.35	4.25		fine grained sawdust	fine grained sawdust	9.5	73	2					N			6.7						
S_a6f85cb8	12	31	Human Excrement Compost				JM		12	2022-02-22		18	10	9.5	9.75	5.6	1.35	4.25		fine grained sawdust	fine grained sawdust	9.5	49	2					N			6.7			Y		Y	
S_40eab041	12	32	Human Excrement Compost Pre-Roll				JM		13	2022-03-01		19	12	11	11.5	5.6	1.35	4.25		fine grained sawdust	fine grained sawdust	9.9	98	2					N			7						
S_f0a142b9	12	33	Human Excrement Compost				JM		13	2022-03-01		19				5.6	1.35	4.25		fine grained sawdust	fine grained sawdust	11.7	66	2					N			7			Y			Y
S_3f1d7978	12	34	Human Excrement Compost Pre-Roll				TL		14	2022-03-08		20	13.5	10	11.75	5.6	1.35	4.25	small dead black flies	fine grained sawdust	fine grained sawdust; feces	10.6	61	2					N			7						
S_075dab2e	12	35	Human Excrement Compost				TL		14	2022-03-08		20	12	11	11.5	5.6	1.35	4.25		fine grained sawdust	fine grained sawdust; feces	13.9	43	2					N			7			Y		Y	
S_e2e35781	12	36	Human Excrement Compost Pre-Roll				TL		15	2022-03-22		5	14	13.5	13.75	5.6	1.35	4.25	small dead black flies	fine grained sawdust; live black flies	fine grained sawdust	10.7	53	2					N			7						
S_03d12251	12	37	Human Excrement Compost				TL		15	2022-03-22		5	14	14	14	5.6	1.35	4.25		fine grained sawdust; live black flies	fine grained sawdust; air pocket	11.4	37	2					N			7			Y			Y
S_4c1c7ca5	12	38	Human Excrement Compost Pre-Roll				TL		16	2022-03-29		6	12	12	12	5.5	1.35	4.15	small dead black flies	fine grained sawdust	fine grained sawdust; air pocket	12	54	2					N			7						
S_bde7fee9	12	39	Human Excrement Compost				TL		16	2022-03-29		6	12	12	12	5.5	1.35	4.15		fine grained sawdust	fine grained sawdust; air pocket	12.2	50	2					N			7.5			Y		Y	
S_6f755bdb	12	40	Human Excrement Compost Pre-Roll				TL		17	2022-04-05		7	21.5	20	20.75	5.6	1.35	4.25	small dead black flies	fine grained sawdust	fine grained sawdust	16.6	64	2					N			7						
S_9e7a4a70	12	41	Human Excrement Compost				TL		17	2022-04-05		7	21.5	20	20.75	5.6	1.35	4.25		fine grained sawdust	fine grained sawdust	15	72	2					N			7			Y			Y
S_13da2c90	12	42	Human Excrement Compost Pre-Roll				TL		18	2022-04-12		8	15	13	14	5.5	1.35	4.15	live black flies	fine grained sawdust; live black flies	fine grained sawdust; live black flies	14.8	100	2					N			7						
S_8ce968e8	12	43	Human Excrement Compost				TL		18	2022-04-12		8	13.5	13	13.25	5.5	1.35	4.15		fine grained sawdust; live black flies	fine grained sawdust	14.6	86	2					N			7			Y	Y	Y	
S_760660eb	12	44	Human Excrement Compost Pre-Roll				TL		19	2022-04-19		9	15.5	16	15.75	5.4	1.35	4.05		fine grained sawdust; live black flies	fine grained sawdust	14.1	65	2					N			7						
S_8136d148	12	45	Human Excrement Compost				TL		19	2022-04-19		9	15.5	16	15.75	5.4	1.35	4.05		fine grained sawdust; live black flies	fine grained sawdust	14.3	61	2					N			7			Y			Y
S_e7342e60	12	46	Human Excrement Compost Pre-Roll				TL		20	2022-04-26		10	14.5	13	13.75	5.4	1.35	4.05		fine grained sawdust	fine grained sawdust	10.9	84	2					N			7.5						
S_ba12d011	12	47	Human Excrement Compost				TL		20	2022-04-26		10	14.5	13	13.75	5.4	1.35	4.05		fine grained sawdust	fine grained sawdust	11.9	55	2					N			7.5			Y		Y	
S_620fb3e3	12	48	Human Excrement Compost Pre-Roll				TL		21	2022-05-03		11	15.5	15	15.25	5.4	1.35	4.05		fine grained sawdust	fine grained sawdust	13.6	57	2					N			7.5						
S_68226203	12	49	Human Excrement Compost				TL		21	2022-05-03		11	16	15	15.5	5.4	1.35	4.05		fine grained sawdust	fine grained sawdust	14	66	2					N			7.5			Y			Y
S_428ed8b5	12	50	Human Excrement Compost Pre-Roll				LW		22	2022-05-10		12	16	15	15.5	5.5	1.35	4.15		fine grained sawdust	fine grained sawdust; feces	13.1	89	2					Y	small black flies	too fast to measure	7.5						
S_ab71059f	12	51	Human Excrement Compost				LW		22	2022-05-10		12	16	15	15.5	5.5	1.35	4.15		fine grained sawdust	fine grained sawdust; feces	13.1	65	2					Y	small black flies	too fast to measure	7.5			Y		Y	
S_2fe02bc9	12	52	Human Excrement Compost Pre-Roll				JM		23	2022-05-17		13	19	17	18	5.4	1.35	4.05		fine grained sawdust	fine grained sawdust; feces	14.8	80	2					N			7						
S_851e10de	12	53	Human Excrement Compost				JM		23	2022-05-17		13	19	18	18.5	5.4	1.35	4.05		fine grained sawdust	fine grained sawdust	15.4	59	2					N			6.5			Y			Y
S_cdba1901	12	54	Human Excrement Compost Pre-Roll				LW		24	2022-05-24		14	18	20	19	5.4	1.35	4.05	small dead black flies	fine grained sawdust	fine grained sawdust	13.1	98	2					N			7.5						
S_4c730a3a	12	55	Human Excrement Compost				LW		24	2022-05-24		14	19	21	20	5.4	1.35	4.05		fine grained sawdust	fine grained sawdust	12.9	60	2					N			7.5			Y		Y	
S_a39bd562	12	56	Human Excrement Compost Pre-Roll				LW		25	2022-05-31		15	23	25	24	5.5	1.35	4.15	small dead black flies	fine grained sawdust	fine grained sawdust; small live black flies	13.3	100	2					N			7.5						
S_e5a3d4fa	12	57	Human Excrement Compost				LW		25	2022-05-31		15	23	25	24	5.5	1.35	4.15		fine grained sawdust	fine grained sawdust	16.1	100	2					N			7.5			Y			Y
S_8625e83a	12	58	Human Excrement Compost Pre-Roll				LW		26	2022-06-07		16	22	24	23	5.4	1.35	4.05		fine grained sawdust	fine grained sawdust; live flies	16.8	93	2					Y	small flies	too fast to measure	6						
S_ea08c877	12	59	Human Excrement Compost				LW		26	2022-06-07		16	22	24	23	5.4	1.35	4.05		fine grained sawdust	fine grained sawdust	19.4	63	2					Y	small flies	too fast to measure	6.5			Y		Y	
S_5ee5b742	12	60	Human Excrement Compost Pre-Roll				ST		27	2022-06-14		17	24.5	22	23.25	5.4	1.35	4.05		fine grained sawdust	fine grained sawdust	16.8	96	2					N			6.5						
S_467a7641	12	61	Human Excrement Compost				ST		27	2022-06-14		17	24	22	23	5.4	1.35	4.05		fine grained sawdust	fine grained sawdust	20.4	89	2					N			6.5			Y			Y
S_af17a29d	12	62	Human Excrement Compost Pre-Roll				LW		28	2022-06-21		18	25	23	24	5.4	1.35	4.05		fine grained sawdust	fine grained sawdust; live flies; toilet paper	15.3	100	2					Y	small flies	too fast to measure	6.5						
S_4e2381eb	12	63	Human Excrement Compost				LW		28	2022-06-21		18	25	23	24	5.4	1.35	4.05		fine grained sawdust	fine grained sawdust	15.9	100	2					N			6.5			Y		Y	
S_5e994dd4	12	64	Human Excrement Compost Pre-Roll				LW		29	2022-06-28		15	33	33	33	5.3	1.35	3.95		fine grained sawdust	fine grained sawdust; live black flies	23.2	99	2					N			5						
S_e23988ea	12	65	Human Excrement Compost				LW		29	2022-06-28		15	33.5	35	34.25	5.3	1.35	3.95		fine grained sawdust	fine grained sawdust	26.3	60	2					Y	live black fly	too fast to measure	5			Y			Y
S_3b25bc34	12	66	Human Excrement Compost Pre-Roll				LW		30	2022-07-05		16																										
S_b18ae5b9	12	67	Human Excrement Compost				LW		30	2022-07-05		16	25.5	27	26.25	5.2	1.35	3.85		fine grained sawdust	fine grained sawdust	20.1	100	2					N			6.5			Y		Y	
S_aa52a921	12	68	Human Excrement Compost Pre-Roll				LW		31	2022-07-12		17																										
S_10af63dc	12	69	Human Excrement Compost				LW		31	2022-07-12		17	26	27	26.5	5.3	1.35	3.95	dust	fine grained sawdust	fine grained sawdust; live black flies	18.8	69	2					Y	live black fly	too fast to measure	6			Y			Y
S_e454f428	12	70	Human Excrement Compost				LW		32	2022-07-19		18	35	34.5	34.75	5.2	1.35	3.85		fine grained sawdust	fine grained sawdust	21	88	2					N			6.5			Y		Y	
S_3b328587	12	71	Human Excrement Compost				LW		33	2022-07-26		19	20	20	20	5.3	1.35	3.95		fine grained sawdust	fine grained sawdust	19	95	2					N			6			Y			Y
S_db0fa65c	12	72	Human Excrement Compost				JM		34	2022-08-02		20	25	25	25	5.3	1.35	3.95		fine grained sawdust	fine grained sawdust	21.9	66	2					N			7.5			Y		Y	
S_7d139f26	12	73	Human Excrement Compost				LW		35	2022-08-09		1	25.5	26	25.75	5.2	1.35	3.85		fine grained sawdust	fine grained sawdust	19.6	72	2					N			4.5			Y	Y		Y
S_2c80b749	12	74	Human Excrement Compost				JM		36	2022-08-16		2	23	22	22.5	5.4	1.35	4.05		fine grained sawdust	fine grained sawdust	17	83	2					N			4.5			Y		Y	
S_6639ee02	12	75	Human Excrement Compost				LW		37	2022-08-23		3	22	22	22	5.2	1.35	3.85		fine grained sawdust	fine grained sawdust	17	89	2					N			4.5			Y			Y
S_01c448dc	12	76	Human Excrement Compost				JM		38	2022-08-30		4	23	22	22.5	5.2	1.35	3.85		fine grained sawdust	fine grained sawdust	16.6	73	2					N			4.5	THIS SAMPLE WAS LEFT IN GREENHOUSE FOR TWO DAYS...DISCARDED		Y		Y	
S_e49c1468	12	77	Human Excrement Compost				AKW		39	2022-09-06		5	23	23	23	5.2	1.35	3.85		fine grained sawdust	fine grained sawdust	16.9	89	2					N			4.5			Y			Y
S_e3ac3a4f	12	78	Human Excrement Compost				AR		40	2022-09-13		6	20.5	21	20.75	5.2	1.35	3.85		fine grained sawdust	fine grained sawdust	15.9	100	2					N			4.5			Y		Y	
S_9b079d41	12	79	Human Excrement Compost				AKW		41	2022-09-20		7	18	17	17.5	5.1	1.35	3.75		fine grained sawdust	fine grained sawdust	15.2	72	2					N			4.5			Y			Y
S_bdc039d6	12	80	Human Excrement Compost				AKW		42	2022-09-27		8	19	18.5	18.75	5.2	1.35	3.85		fine grained sawdust	fine grained sawdust	15.6	53	2					N			4.5			Y		Y	
S_3ae063b1	12	81	Human Excrement Compost				KVO		43	2022-10-04		9	14.5	15	14.75	5.2	1.35	3.85		fine grained sawdust	fine grained sawdust	13.2	100	2					N			4.5			Y			Y
S_f71dc7af	12	82	Human Excrement Compost				KVO		44	2022-10-11		10	15	15	15	5.2	1.35	3.85		fine grained sawdust	fine grained sawdust		98	2					N			4.5			Y		Y	
S_07cb5e3d	12	83	Human Excrement Compost				KVO		45	2022-10-18		11	14.5	15	14.75	5.1	1.35	3.75		fine grained sawdust	fine grained sawdust	11.6	94	2					N			4.5			Y			Y
S_a09891fa	12	84	Human Excrement Compost				AR		46	2022-10-25		12	17	17	17	5	1.35	3.65		fine grained sawdust	fine grained sawdust	10.4	68	2					N			4.5			Y		Y	
S_1b3d561a	12	85	Human Excrement Compost				AR		47	2022-11-01		13	15	15	15	5.1	1.35	3.75		fine grained sawdust	fine grained sawdust	11.2	74	2					N			4.5			Y			Y
S_c5068586	12	86	Human Excrement Compost				AR		48	2022-11-08		14	15	15	15	5.1	1.35	3.75		fine grained sawdust	fine grained sawdust	11.2	66	2					N			4.5			Y		Y	
S_b30082d9	12	87	Human Excrement Compost				AR		49	2022-11-15		15	15	15	15	5	1.35	3.65		fine grained sawdust	fine grained sawdust	10.7	87	2					N			4.5			Y			Y
S_a3d6763b	12	88	Human Excrement Compost				KVO		50	2022-11-22		16	15.5	16	15.75	5.2	1.35	3.85		fine grained sawdust	fine grained sawdust	10.9	83	2					N			4.5			Y		Y	
S_5f01a6eb	12	89	Human Excrement Compost				AR		51	2022-11-29		17	11	11	11	5.1	1.35	3.75		fine grained sawdust	fine grained sawdust	9.3	98	2					N			4.5			Y			Y
S_87a14c4c	12	90	Human Excrement Compost				KVO		52	2022-12-06		18	12	16	14	5.1	1.35	3.75		fine grained sawdust	fine grained sawdust	9.9	88	2					N			4.5			Y	Y	Y	
S_ed94e028	12		Human Excrement Compost				PI			2023-08-10		10	23	22	22.5	4.9	1.35	3.55		fine grained sawdust	fine grained sawdust	17.7	85	2					N			4.25	Samples collected; DNA not extracted					
S_5e5c868f	13	1	Bulking Material				Participant	Coconut Coir		2021-11-08																									Y	Y		Y
S_3e34feb3	13	2	Inside Toilet Pre Use				Participant			2021-11-08																									Y			Y
S_6110f7cd	13	3	Soil Nearby Toilet				Participant			2021-11-08																									Y			Y
S_1322edf8	13	4	Human Excrement				Participant			2021-11-08																									Y	Y		Y
S_059c4922	13	5	Human Excrement				Participant			2021-11-16																									Y	Y		Y
S_b3982f8e	13	6	Human Excrement				Participant			2021-11-23																									Y	Y		Y
S_5b7b7bac	13	7	Human Excrement Compost Pre-Roll				JM		1	2021-12-07	Winter	15	15.5	16	15.75	6.7	1.4	5.3		coconut coir	coconut coir	7.8	98	2					N			6.4						
S_2dc367ed	13	8	Human Excrement Compost				JM		1	2021-12-07	Winter	15	16	15	15.5	6.7	1.4	5.3		coconut coir	coconut coir	8.1	97	1.7					N			6.5			Y	Y		Y
S_760689a3	13	9	Human Excrement Compost Pre-Roll				JM		2	2021-12-14	Winter	3	14.5	15	14.75	6.7	1.4	5.3		coconut coir	coconut coir	11.9	88	2.1					N			7						
S_7bfa612f	13	10	Human Excrement Compost				JM		2	2021-12-14	Winter	3	15	15	15	6.7	1.4	5.3		coconut coir	coconut coir	13.5	72	2.1					N			6.8			Y		Y	
S_67e60fbd	13	11	Human Excrement Compost Pre-Roll				JM		3	2021-12-21	Winter	4	14.5	15	14.75	6.6	1.4	5.2		coconut coir	coconut coir	10.7	93	2					N			6.8	Added 100 mL Invitrogen ultra pure distilled water					
S_bf10a866	13	12	Added water				JM		3	2021-12-21	Winter																											
S_068932df	13	13	Human Excrement Compost				JM		3	2021-12-21	Winter	4	14.5	15	14.75	6.7	1.4	5.3		coconut coir	loose packed coconut coir	11.1	53	2					N			7			Y			Y
S_b4e083a4	13	14	Human Excrement Compost Pre-Roll				JM		4	2021-12-28	Winter	5	10.5	11	10.75	6.7	1.4	5.3	4 dead small black flies	coconut coir	coconout coir; feces	9.5	82	2.1					N			6.4						
S_4997266d	13	15	Human Excrement Compost				JM		4	2021-12-28	Winter	5	11	10	10.5	6.7	1.4	5.3		coconut coir	coconut coir	9.6	96	2.3					N			6.4			Y		Y	
S_4769d333	13	16	Human Excrement Compost Pre-Roll				JM		5	2022-01-04	Winter	6	11.5	10	10.75	6.7	1.4	5.3	4 small black flies	coconut coir	coconut coir	9.4	89	2.1					N			6.4						
S_d0f4cd11	13	17	Human Excrement Compost				JM		5	2022-01-04	Winter	6	12	10	11	6.7	1.4	5.3		coconut coir	coconut coir	9.7	75	2					N			6.6			Y			Y
S_7d15fb06	13	18	Human Excrement Compost Pre-Roll				JM		6	2022-01-11	Winter	7	12.5	11	11.75	6.7	1.4	5.3	9 small dead black flies	coconut coir	coconut coir	9.6	100	2					N			6.4						
S_c7ad9b43	13	19	Human Excrement Compost				JM		6	2022-01-11	Winter	7	11.5	10	10.75	6.7	1.4	5.3		coconut coir	coconut coir	9.5	100	2					N			6.4			Y		Y	
S_b8e7448a	13	20	Human Excrement Compost Pre-Roll				JM		7	2022-01-19	Winter	8	11	10	10.5	6.6	1.4	5.2		coconut coir	coconut coir	10.3	95	2					N			6.6						
S_adf1283a	13	21	Human Excrement Compost				JM		7	2022-01-19	Winter	8	11	11	11	6.6	1.4	5.2		coconut coir	coconut coir	10.5	49	2.1					N			6.7			Y			Y
S_4bf8732a	13	22	Human Excrement Compost Pre-Roll				LW		8	2022-01-25	Winter	9	12.5	12	12.25	6.6	1.4	5.2	small dead black fly	coconut coir	coconut coir	10.3	74	2					N			6.1						
S_b643ef1c	13	23	Human Excrement Compost				LW		8	2022-01-25	Winter	9	14.5	12	13.25	6.6	1.4	5.2		coconut coir	coconut coir; feces	10.6	55	1.9					N			6.5			Y		Y	
S_06e8461d	13	24	Human Excrement Compost Pre-Roll				JM		9	2022-02-01		10	13.5	12	12.75	6.6	1.4	5.2	small dead black flies	coconut coir	coconut coir	10.3	59	2					N			6	Added 100 mL Invitrogen ultra pure distilled water					
S_82093d80	13	25	Added water				JM		9	2022-02-01																												
S_927bb0e8	13	26	Human Excrement Compost				JM		9	2022-02-01		10	14	14	14	6.6	1.4	5.2		coconut coir	coconut coir	10.6	50	2					N			6			Y			Y
S_81c8500c	13	27	Human Excrement Compost Pre-Roll				JM		10	2022-02-08		11	14.5	13	13.75	6.6	1.4	5.2	small dead black flies	coconut coir	cocnonut coir	9.4	96	2					N			6	Added 100 mL Invitrogen ultra pure distilled water					
S_9f800b1d	13	28	Added water				JM		10	2022-02-08																												
S_e8fcfe62	13	29	Human Excrement Compost				JM		10	2022-02-08		11	14.5	13	13.75	6.7	1.4	5.3		coconut coir	coconut coir	9.6	71	2					N			6.5			Y		Y	
S_11b6e966	13	30	Human Excrement Compost Pre-Roll				JM		11	2022-02-15		12	12.5	13	12.75	6.8	1.4	5.4		coconut coir	coconut coir	10.7	75	2					N			5.5	Added 100 mL Invitrogen ultra pure distilled water					
S_3fb783c1	13	31	Added water				JM		11	2022-02-15																												
S_ff8ac918	13	32	Human Excrement Compost				JM		11	2022-02-15		12	12	12	12	6.8	1.4	5.4		coconut coir	coconut coir	10.8	68	2					N			5.5			Y			Y
S_51366c10	13	33	Human Excrement Compost Pre-Roll				JM		12	2022-02-22		13	10	9.5	9.75	6.9	1.4	5.5	several dead black flies	coconut coir	coconut coir	9.6	97	2					N			5.5						
S_1b20f06b	13	34	Human Excrement Compost				JM		12	2022-02-22		13	10	9.5	9.75	6.9	1.4	5.5		coconut coir	coconut coir	9.7	67	2					N			5.5			Y		Y	
S_2b633d66	13	35	Human Excrement Compost Pre-Roll				JM		13	2022-03-01		14	12	11	11.5	6.8	1.4	5.4		coconut coir	coconut coir	10.3	100	2					N			5.8						
S_1823cbc3	13	36	Human Excrement Compost				JM		13	2022-03-01		14	12.5	11	11.75	6.8	1.4	5.4		coconut coir	coconut coir	11.3	93	2					N			5.7			Y			Y
S_e634a09d	13	37	Human Excrement Compost Pre-Roll				TL		14	2022-03-08		15	11.5	11	11.25	6.8	1.4	5.4	small dead black flies	coconut coir	coconut coir	9.8	80	2					N			5.8						
S_e818e2df	13	38	Human Excrement Compost				TL		14	2022-03-08		15	13	11	12	6.8	1.4	5.4		coconut coir	coconut coir	11.1	53	2					N			5.8			Y		Y	
S_0a7a256b	13	39	Human Excrement Compost Pre-Roll				TL		15	2022-03-22		16	14	14	14	6.8	1.4	5.4		coconut coir	coconut coir	11.2	87	2					N			5.8						
S_4aed2ec9	13	40	Human Excrement Compost				TL		15	2022-03-22		16	14	14.5	14.25	6.8	1.4	5.4		coconut coir	coconut coir	14.4	91	2					N			5.8			Y			Y
S_46557fb8	13	41	Human Excrement Compost Pre-Roll				TL		16	2022-03-29		17	13	13	13	6.8	1.4	5.4		coconut coir	coconut coir	12.3	100	2					N			5.8						
S_527084	13	42	Human Excrement Compost				TL		16	2022-03-29		17	14	14	14	6.8	1.4	5.4		coconut coir	coconut coir	12.8	66	2					N			5.8			Y		Y	
S_1f007dc3	13	43	Human Excrement Compost Pre-Roll				TL		17	2022-04-05		18	21.5	20	20.75	6.8	1.4	5.4		coconut coir	coconut coir	15.2	100	2					N			5.8						
S_f86fc099	13	44	Human Excrement Compost				TL		17	2022-04-05		18	23.5	20	21.75	6.8	1.4	5.4		coconut coir	coconut coir	16.7	90	2					N			5.8			Y			Y
S_708ff9c1	13	45	Human Excrement Compost Pre-Roll				TL		18	2022-04-12		19	14	13	13.5	6.8	1.4	5.4		coconut coir	coconut coir; live flies	14.4	94	2					N			6.5						
S_386a5319	13	46	Human Excrement Compost				TL		18	2022-04-12		19	14	13	13.5	6.8	1.4	5.4		coconut coir	coconut coir	14.5	79	2					N			6.5			Y	Y	Y	
S_b88da45c	13	47	Human Excrement Compost Pre-Roll				TL		19	2022-04-19		20	16.5	15	15.75	6.8	1.4	5.4		coconut coir	coconut coir	13.8	85	2					N			6.5						
S_7f37952b	13	48	Human Excrement Compost				TL		19	2022-04-19		20	16	14	15	6.8	1.4	5.4		coconut coir	coconut coir	14	60	2					N			6.5			Y			Y
S_013be645	13	49	Human Excrement Compost Pre-Roll				TL		20	2022-04-26		1	14.5	13	13.75	6.7	1.4	5.3	small live and dead black flies	coconut coir; live flies	coconut coir; live flies	11.1	91	2					Y	Small black flies	too fast to measure	4.5						
S_301bc290	13	50	Human Excrement Compost				TL		20	2022-04-26		1	14.5	13	13.75	6.7	1.4	5.3		coconut coir; live flies	coconut coir	11.1	73	2					N			4.5			Y		Y	
S_f1369c5c	13	51	Human Excrement Compost Pre-Roll				TL		21	2022-05-03		2	16	15	15.5	6.7	1.4	5.3		coconut coir; live flies	coconut coir	13.1	100	2					Y	Small black flies	too fast to measure	5						
S_10999c14	13	52	Human Excrement Compost				TL		21	2022-05-03		2	16.5	15	15.75	6.7	1.4	5.3		coconut coir; live flies	coconut coir	14.1	80	2					N			5			Y			Y
S_9adc8330	13	53	Human Excrement Compost Pre-Roll				LW		22	2022-05-10		3	16	15	15.5	6.7	1.4	5.3	small dead black flies	coconut coir; live flies	coconut coir; small live flies; white fungus	13	67	2					N			6.5						
S_588dbc9a	13	54	Human Excrement Compost				LW		22	2022-05-10		3	20	18	19	6.7	1.4	5.3		coconut coir; live flies	coconut coir; small live flies; white fungus	12.7	93	2					N			6			Y		Y	
S_453b8eb2	13	55	Human Excrement Compost Pre-Roll				JM		23	2022-05-17		4	19	18	18.5	6.6	1.4	5.2	dead flies	coconut coir; live flies	coconut coir; many small live flies	14.9	91	2					N			6						
S_680a9c28	13	56	Human Excrement Compost				JM		23	2022-05-17		4	19	18	18.5	6.6	1.4	5.2		coconut coir; live flies	coconut coir; small live flies	15.3	86	2					N			5.5			Y			Y
S_a6120134	13	57	Human Excrement Compost Pre-Roll				LW		24	2022-05-24		5	20	22	21	6.6	1.4	5.2	dead flies	coconut coir; live flies	coconut coir; small live flies	13.2	64	2					Y	live larvae; small live flies (TMTC)	5	6						
S_9bdde5b8	13	58	Human Excrement Compost				LW		24	2022-05-24		5	20	20	20	6.6	1.4	5.2		coconut coir; live flies	coconut coir; small live flies	12.7	69	2					Y	live fly	too fast to measure	5.5			Y		Y	
S_bcfb04c4	13	59	Human Excrement Compost Pre-Roll				LW		25	2022-05-31		6	24	26	25	6.6	1.4	5.2		coconut coir; live flies	coconut coir; small live flies	12.4	100	2					N			6						
S_89909279	13	60	Human Excrement Compost				LW		25	2022-05-31		6	24	26	25	6.6	1.4	5.2		coconut coir; live flies	coconut coir; small live flies	13.3	70	2					N			6			Y			Y
S_215e0d46	13	61	Human Excrement Compost Pre-Roll				LW		26	2022-06-07		7	23	24	23.5	6.5	1.4	5.1	dead fly	coconut coir; live flies	coconut coir; small live flies; white larva	16.1	95	2					Y	live white larva; live flies	too fast to measure	6						
S_cc5a049c	13	62	Human Excrement Compost				LW		26	2022-06-07		7	22	24	23	6.5	1.4	5.1	dead flies	coconut coir	coconut coir	16.6	100	2					N			5.5			Y		Y	
S_18badd69	13	63	Human Excrement Compost Pre-Roll				LW		27	2022-06-14		8	27	29	28	6.6	1.4	5.2	dead flies	coconut coir	coconut coir; live black flies; air pocket	16.6	100	2					N			5						
S_7bf688f0	13	64	Human Excrement Compost				LW		27	2022-06-14		8	28.5	29	28.75	6.6	1.4	5.2		coconut coir	coconut coir	18.8	100	2					N			5			Y			Y
S_de4baf20	13	65	Human Excrement Compost Pre-Roll				LW		28	2022-06-21		9	27	28	27.5	6.6	1.4	5.2		coconut coir	coconut coir	15.3	92	2					N	black fly	too small to measure	5						
S_20c7eaa4	13	66	Human Excrement Compost				LW		28	2022-06-21		9	27	28	27.5	6.6	1.4	5.2		coconut coir	coconut coir	15.7	100	2					N			5			Y		Y	
S_a20d6883	13	67	Human Excrement Compost Pre-Roll				LW		29	2022-06-28		10	35.5	35	35.25	6.6	1.4	5.2	dead black flies; dust	coconut coir; live black flies	coconut coir; live black flies	20	100	2					Y	small clear live larvae	too small to measure	4.5						
S_8962a691	13	68	Human Excrement Compost				LW		29	2022-06-28		10	35	34	34.5	6.6	1.4	5.2		coconut coir	coconut coir	20.9	91	2					N			4.5			Y			Y
S_d478cadd	13	69	Human Excrement Compost Pre-Roll				LW		30			11																										
S_e50f57b2	13	70	Human Excrement Compost				LW		30	2022-07-05		11	25.5	25	25.25	6.5	1.4	5.1		coconut coir	coconut coir	18.3	100	2					N			4.5			Y		Y	
S_5afd4655	13	71	Human Excrement Compost Pre-Roll				LW		31			12																										
S_862f44ec	13	72	Human Excrement Compost				LW		31	2022-07-12		12	29	26	27.5	6.5	1.4	5.1		coconut coir	coconut coir; feces	18.2	100	2					N			4.5			Y			Y
S_94bb94d4	13	73	Human Excrement Compost				LW		32	2022-07-19		13	30	30	30	6.5	1.4	5.1		coconut coir	coconut coir; feces	21.8	85	2					N			4.5			Y		Y	
S_6b3e322f	13	74	Human Excrement Compost				LW		33	2022-07-26		14	20	20	20	6.6	1.4	5.2		coconut coir	coconut coir; feces	18.2	56	2					N			5			Y			Y
S_f29ea169	13	75	Human Excrement Compost				JM		34	2022-08-02		15	25.5	25	25.25	6.6	1.4	5.2		coconut coir	coconut coir; feces	20.5	79	2					N			5			Y		Y	
S_05ab89e8	13	76	Human Excrement Compost				LW		35	2022-08-09		16	26.5	26	26.25	6.5	1.4	5.1		coconut coir	coconut coir; feces	19.9	90	2					N			5			Y	Y		Y
S_20459b87	13	77	Human Excrement Compost				JM		36	2022-08-16		17	23	22	22.5	6.5	1.4	5.1		coconut coir	coconut coir; feces	18.9	100	2					N			5			Y		Y	
S_0d4da84e	13	78	Human Excrement Compost				LW		37	2022-08-23		18	23	22	22.5	6.5	1.4	5.1		coconut coir	coconut coir; feces	18.8	100	2					N			4.5			Y			Y
S_b9a19e40	13	79	Human Excrement Compost				JM		38	2022-08-30		19	28	25	26.5	6.5	1.4	5.1		coconut coir	coconut coir; feces	19	100	2					N			4.5			Y		Y	
S_9fb2df96	13	80	Human Excrement Compost				AKW		39	2022-09-06		20	23	23	23	6.4	1.4	5		coconut coir	coconut coir	19.4	100	2					N			4.5			Y			Y
S_10f604c8	13	81	Human Excrement Compost				AR		40	2022-09-13		1	21	21	21	6.4	1.4	5		coconut coir	coconut coir	15.9	96	2					N			4.5			Y		Y	
S_e15d5cfb	13	82	Human Excrement Compost				AKW		41	2022-09-20		2	18	17	17.5	6.2	1.4	4.8		coconut coir; 1 black fly	coconut coir	15.2	100	2					N			4.5			Y			Y
S_48e22337	13	83	Human Excrement Compost				AKW		42	2022-09-27		3	20	19	19.5	6.4	1.4	5		coconut coir	coconut coir	14.8	100	2					N			4.5			Y		Y	
S_07df88a9	13	84	Human Excrement Compost				KVO		43	2022-10-04		4	14.5	15	14.75	6.4	1.4	5		coconut coir	coconut coir	13.4	100	2					N			4.5			Y			Y
S_61e4064a	13	85	Human Excrement Compost				KVO		44	2022-10-11		5	14.5	15	14.75	6.5	1.4	5.1		coconut coir	coconut coir		93	2					N			4.5			Y		Y	
S_5936703c	13	86	Human Excrement Compost				KVO		45	2022-10-18		6	15.5	16.5	16	6.3	1.4	4.9		coconut coir	coconut coir	12.2	100	2					N			4.5			Y			Y
S_fe15506a	13	87	Human Excrement Compost				AR		46	2022-10-25		7	17	17	17	6.3	1.4	4.9		coconut coir	coconut coir	10.9	87	2					N			4.5			Y		Y	
S_e84c88fe	13	88	Human Excrement Compost				AR		47	2022-11-01		8	16	15	15.5	6.4	1.4	5		coconut coir	coconut coir; feces	11.4	57	2					N			4.5			Y			Y
S_300969fa	13	89	Human Excrement Compost				AR		48	2022-11-08		9	15	16	15.5	6.3	1.4	4.9		coconut coir	coconut coir	11.6	56	2					N			4.5			Y		Y	
S_ff07e892	13	90	Human Excrement Compost				AR		49	2022-11-15		10	16	14	15	6.3	1.4	4.9		coconut coir	coconut coir	10.4	93	2					N			4.5			Y			Y
S_fbf2bf19	13	91	Human Excrement Compost				AVO		50	2022-11-22		11	16	16	16	6.3	1.4	4.9		coconut coir	coconut coir	10.7	100	2					N			4.5			Y		Y	
S_78f811e0	13	92	Human Excrement Compost				AR		51	2022-11-29		12	11	11	11	6.3	1.4	4.9		coconut coir	coconut coir	9.7	100	2					N			4.5			Y			Y
S_6b92a1ca	13	93	Human Excrement Compost				KVO		52	2022-12-06		13	13.5	14	13.75	6.2	1.4	4.8		coconut coir	coconut coir	10.7	100	2					N			4.5			Y	Y	Y	
S_765d4a8c	13		Human Excrement Compost				PI			2023-08-10		4	26	25	25.5	6.1	1.4	4.7		coconut coir	coocnut coir	17.1	100	2					N			4.5	Samples collected; DNA not extracted					
S_3bba36de	14	1	Bulking Material				Participant	Coconut Coir		2021-12-03																									Y	Y		Y
S_b1c4f4bb	14	2	Inside Toilet Pre Use				Participant			2021-12-03																									Y			Y
S_96ff4377	14	3	Other Controls				Participant			2021-12-03																									Y			
S_81ca21c2	14	4	Soil Nearby Toilet				Participant			2021-12-03																									Y			Y
S_e653e719	14	5	Human Excrement				Participant			2021-12-03																									Y	Y		Y
S_56041c74	14	6	Human Excrement				Participant			2021-12-11																									Y	Y		Y
S_a3368a1a	14	7	Human Excrement				Participant			2021-12-18																									Y	Y		Y
S_4c0a1b89	14	8	Human Excrement Compost Pre-Roll				JM		1	2022-01-06	Winter	5	12	9	10.5	7.3	1.4	5.9		coconut coir	coconout coir	11.3	93	2.4					N			7						
S_466fa593	14	9	Human Excrement Compost				JM		1	2022-01-06	Winter	5	11	10	10.5	7.3	1.4	5.9		coconut coir	coconout coir	10.2	75	2					N			7.2			Y	Y		Y
S_61595efd	14	10	Human Excrement Compost Pre-Roll				JM		2	2022-01-13	Winter	6	11	10	10.5	7.4	1.4	6	2 small dead black flies	coconut coir	coconout coir	10.6	100	2					N			7						
S_94c82cc8	14	11	Human Excrement Compost				JM		2	2022-01-13	Winter	6	11	11	11	7.4	1.4	6	2 small dead black flies	coconut coir	coconout coir	10.2	100	2					N			7			Y		Y	
S_ae005441	14	12	Human Excrement Compost Pre-Roll				LW		3	2022-01-20	Winter	7	10	9	9.5	7.4	1.4	6	small dead black flies	coconut coir	coconout coir	10.2	100	2					N			7	High moisture due to probe in feces					
S_46c01dc0	14	13	Human Excrement Compost				LW		3	2022-01-20	Winter	7	10	9	9.5	7.4	1.4	6	small dead black flies	coconut coir	coconout coir	9.5	70	2.1					N			7			Y			Y
S_bd600d2d	14	14	Human Excrement Compost Pre-Roll				JM		4	2022-01-27	Winter	8	10	10	10	7.3	1.4	5.9	small dead black flies	coconut coir	coconout coir; white fungus	9.8	81	2					N			7						
S_9505dbb3	14	15	Human Excrement Compost				JM		4	2022-01-27	Winter	8	10	9	9.5	7.3	1.4	5.9		coconut coir	coconout coir	9.8	60	2					N			7.3			Y		Y	
S_4b73f1cd	14	16	Human Excrement Compost Pre-Roll				JM		5	2022-02-03	Winter	9	10	7	8.5	7.2	1.4	5.8	small dead black flies	coconut coir	coconut coir; white fungus	6.6	83	2					N			6.6						
S_df01bbb7	14	17	Human Excrement Compost				JM		5	2022-02-03	Winter	9	7.5	6	6.75	7.2	1.4	5.8		coconut coir	coconut coir	6.9	57	2					N			7.2			Y			Y
S_7305ef8c	14	18	Human Excrement Compost Pre-Roll				LW		6	2022-02-10	Winter	10	11.5	11	11.25	7.2	1.4	5.8	small dead black flies	coconut coir	coconut coir; white fungus	10	100	2					N			7.2						
S_a8e6ea8a	14	19	Human Excrement Compost				LW		6	2022-02-10	Winter	10	12.5	13	12.75	7.2	1.4	5.8		coconut coir	coconut coir	9.9	86	2					N			6.8			Y		Y	
S_73a9fe2e	14	20	Human Excrement Compost Pre-Roll				JM		7	2022-02-17	Winter	11	12.5	11	11.75	7.3	1.4	5.9	small black flies	coconut coir	coconut coir	10.2	100	2					N			7						
S_2506a640	14	21	Human Excrement Compost				JM		7	2022-02-17	Winter	11	12.5	11	11.75	7.3	1.4	5.9		coconut coir	coconut coir	10.2	100	2					N			7.3			Y			Y
S_4b079f29	14	22	Human Excrement Compost Pre-Roll				JM		8	2022-02-24	Winter	12	15	12	13.5	7.1	1.4	5.7		coconut coir	coconut coir	9.8	100	2					N			6.5	Sampled at 12:45pm					
S_0a2ebf04	14	23	Human Excrement Compost				JM		8	2022-02-24	Winter	12	14	12	13	7.1	1.4	5.7		coconut coir	coconut coir	10.8	63	2					N			6.8			Y		Y	
S_fc35a565	14	24	Human Excrement Compost Pre-Roll				JM		9	2022-03-03		13	15	14	14.5	7.1	1.4	5.7		coconut coir	coconut coir	11.5	75	2					N			6.5						
S_3e7d20ac	14	25	Human Excrement Compost				JM		9	2022-03-03		13	15	14	14.5	7.1	1.4	5.7		coconut coir	coconut coir	11.5	78	2					N			6.5			Y			Y
S_9e104535	14	26	Human Excrement Compost Pre-Roll				TL		10	2022-03-08		14	14	12	13	7.3	1.4	5.9	small dead black flies	coconut coir	coconut coir	10.8	100	2					N			6.5						
S_52f94d69	14	27	Human Excrement Compost				TL		10	2022-03-08		14	13.5	12	12.75	7.3	1.4	5.9		coconut coir	coconut coir	10.3	100	2					N			6.5			Y		Y	
S_51c8ae8d	14	28	Human Excrement Compost Pre-Roll				TL		11	2022-03-24		15	17	18	17.5	7.3	1.4	5.9	small dead black flies	coconut coir	coconut coir	12.1	82	2					N			6.2						
S_33c2781d	14	29	Human Excrement Compost				TL		11	2022-03-24		15	18	20	19	7.3	1.4	5.9		coconut coir	coconut coir	15.6	53	2					N			6.2			Y			Y
S_b2f9ad1b	14	30	Human Excrement Compost Pre-Roll				TL		12	2022-03-31		16	14.5	15	14.75	6.9	1.4	5.5	small dead black flies	coconut coir	coconut coir	12.2	100	2					N			6.2						
S_fd4bee6c	14	31	Human Excrement Compost				TL		12	2022-03-31		16	14.5	15	14.75	6.9	1.4	5.5		coconut coir	coconut coir	13.9	70	2					N			6.2			Y		Y	
S_7c679aa7	14	32	Human Excrement Compost Pre-Roll				TL		13	2022-04-07		17	18.5	17	17.75	7.2	1.4	5.8		coconut coir	coconut coir	13.4	100	2					N			6.2						
S_f5af7273	14	33	Human Excrement Compost				TL		13	2022-04-07		17	18	17	17.5	7.2	1.4	5.8		coconut coir	coconut coir	14.9	84	2					N			5.5			Y			Y
S_ce6efebe	14	34	Human Excrement Compost Pre-Roll				JM		14	2022-04-14		18	19	17	18	7.1	1.4	5.7		coconut coir	coconut coir	11.6	99	2					N			5						
S_7585579c	14	35	Human Excrement Compost				JM		14	2022-04-14		18	18.5	17	17.75	7.1	1.4	5.7		coconut coir	coconut coir	13.8	84	2					N			5			Y		Y	
S_f99e9c04	14	36	Human Excrement Compost Pre-Roll				TL		15	2022-04-21		19	15.5	15	15.25	7.1	1.4	5.7		coconut coir	coconut coir; sprout	13.9	100	2					N			5	Small sprout in HEC; 2 leaves					
S_04cc593e	14	37	Human Excrement Compost				TL		15	2022-04-21		19	16	15	15.5	7.1	1.4	5.7		coconut coir	coconut coir	15.5	100	2					N			5			Y			Y
S_651d78d2	14	38	Human Excrement Compost Pre-Roll				TL		16	2022-04-28		20	15	14	14.5	7.1	1.4	5.7	single dead fly	coconut coir	coconut coir	11.9	100	2					N			6						
S_c92049eb	14	39	Human Excrement Compost				TL		16	2022-04-28		20	16.5	14	15.25	7.1	1.4	5.7		coconut coir	coconut coir	13.2	100	2					N			6			Y		Y	
S_264ee2d1	14	40	Human Excrement Compost Pre-Roll				TL		17	2022-05-05		1	16.5	14	15.25	7	1.4	5.6		coconut coir	coconut coir	11.6	99	2					N			6						
S_4129bc1c	14	41	Human Excrement Compost				TL		17	2022-05-05		1	15.5	14	14.75	7	1.4	5.6		coconut coir	coconut coir	11.5	100	2					N			6			Y			Y
S_4eead161	14	42	Human Excrement Compost Pre-Roll				LW		18	2022-05-12		2	12	11	11.5	7	1.4	5.6	small dead black flies	coconut coir	coconut coir	11.4	99	2					N			6						
S_da863926	14	43	Human Excrement Compost				LW		18	2022-05-12		2	13	12	12.5	7	1.4	5.6		coconut coir	coconut coir	10.4	66	2					N			6			Y	Y	Y	
S_a66677d8	14	44	Human Excrement Compost Pre-Roll				ST		19	2022-05-19		3	18	17	17.5	7	1.4	5.6	small dead and alive black flies	coconut coir	coconut coir; feces; large air pocket	15	100	2					N			6						
S_3b0cedf8	14	45	Human Excrement Compost				ST		19	2022-05-19		3	18	18	18	7	1.4	5.6		coconut coir	coconut coir; feces; large air pocket	14.6	100	2					N			6			Y			Y
S_7f333423	14	46	Human Excrement Compost Pre-Roll				ST		20	2022-05-26		4	22	21	21.5	7	1.4	5.6	small dead and alive black flies, one small black ant	coconut coir	coconut coir; mating black flies;	14.7	100	2					N			5.5						
S_d8a2cb00	14	47	Human Excrement Compost				ST		20	2022-05-26		4	24	23	23.5	7	1.4	5.6		coconut coir	coconut coir	14.9	80	2					N			5.5			Y		Y	
S_c8e40add	14	48	Human Excrement Compost Pre-Roll				ST		21	2022-06-02		5	19.5	20	19.75	7.1	1.4	5.7	small dead flies	coconut coir; live black flies	coconut coir; live black flies	14	100	2					N			6						
S_27c097e7	14	49	Human Excrement Compost				ST		21	2022-06-02		5	19	20	19.5	7.1	1.4	5.7		coconut coir	coconut coir	14	90	2					N			6			Y			Y
S_0ffd7517	14	50	Human Excrement Compost Pre-Roll				ST		22	2022-06-09		6	20	21.5	20.75	7.1	1.4	5.7	dead black flies	coconut coir; live black flies	coconut coir; feces; live black flies	16.6	100	2					N			6						
S_920bd1c2	14	51	Human Excrement Compost				ST		22	2022-06-09		6	20	21.5	20.75	7.1	1.4	5.7		coconut coir; live black flies	coconut coir	17.1	100	2					N			6			Y		Y	
S_e657da10	14	52	Human Excrement Compost Pre-Roll				ST		23	2022-06-16		7	24	23	23.5	7	1.4	5.6	dead black flies	coconut coir; live black flies	coconut coir; live black flies	16.3	100	2					Y	live black flies	too fast to measure	5						
S_47d2b017	14	53	Human Excrement Compost				ST		23	2022-06-16		7	24.5	23	23.75	7	1.4	5.6		coconut coir; live black flies	coconut coir	17.2	100	2					N			5			Y			Y
S_b8233170	14	54	Human Excrement Compost Pre-Roll				ST		24	2022-06-23		8	24	23	23.5	7	1.4	5.6	dead black flies	coconut coir; live black flies	coconut coir; feces; live black flies	16.1	100	2					N			5						
S_eb8f00b3	14	55	Human Excrement Compost				ST		24	2022-06-23		8	24	23	23.5	7	1.4	5.6		coconut coir; live black flies	coconut coir; feces; air pocket	17.6	97	2					N			5			Y		Y	
S_282f543d	14	56	Human Excrement Compost Pre-Roll				ST		25	2022-06-30		9																										
S_94c45e44	14	57	Human Excrement Compost				ST		25	2022-06-30		9	20	19	19.5	7	1.4	5.6		coconut coir; live black flies	coconut coir; live black flies; feces; air pocket	17.5	100	2					N			5			Y			Y
S_27904669	14	58	Human Excrement Compost Pre-Roll				JM		26			10																										
S_cb936c53	14	59	Human Excrement Compost				ST		26	2022-07-07		10	21.5	21	21.25	7	1.4	5.6	dust	coconut coir; live black flies	coconut coir; live black flies; feces; air pocket	17.3	100	2					Y	live black flies	too fast to measure	5			Y		Y	
S_e2e6ce73	14	60	Human Excrement Compost Pre-Roll				JM		27			11																										
S_b542b6d6	14	61	Human Excrement Compost				ST		27	2022-07-14		11	24	24	24	6.9	1.4	5.5	dust	coconut coir; live black flies	coconut coir; live black flies; feces	21	100	2					N			6			Y			Y
S_5f9b4f08	14	62	Human Excrement Compost				ST		28	2022-07-21		12	21.5	21	21.25	6.9	1.4	5.5	dust	coconut coir; live black flies	coconut coir; live black flies; feces	18.4	100	2					N			5.5			Y		Y	
S_f47e3894	14	63	Human Excrement Compost				ST		29	2022-07-28		13	21	20	20.5	7	1.4	5.6		coconut coir; live black flies	coconut coir; live black flies; feces	18.6	100	2					N			6			Y			Y
S_f90fa4e0	14	64	Human Excrement Compost				ST		30	2022-08-04		14	18	18	18	6.9	1.4	5.5		coconut coir	coconut coir; live black flies; feces	18.4	100	2					N			5.5			Y		Y	
S_9957dea8	14	65	Human Excrement Compost				ST		31	2022-08-11		15	19.5	20	19.75	6.9	1.4	5.5		coconut coir	coconut coir; live black flies; feces	17.7	100	2					N			5			Y			Y
S_7889da3a	14	66	Human Excrement Compost				JM		32	2022-08-18		16	22.5	20	21.25	6.9	1.4	5.5		coconut coir; live black flies	coconut coir; live black flies; feces	18.4	100	2					N			5			Y		Y	
S_c345b946	14	67	Human Excrement Compost				ST		33	2022-08-25		17	18	18	18	6.8	1.4	5.4		coconut coir	coconut coir; live black flies; feces	17.3	100	2					N			4.5			Y			Y
S_acc17583	14	68	Human Excrement Compost				AR		34	2022-09-01		18	24.5	25	24.75	6.8	1.4	5.4		coconut coir; live black flies	coconut coir; live black flies	19.6	87	2					N			4.5			Y		Y	
S_fec61b60	14	69	Human Excrement Compost				AR		35	2022-09-08		19	20.5	20	20.25	6.8	1.4	5.4		coconut coir	coconut coir; live black flies	17.9	100	2					Y	light brown pupa	3	4.5			Y	Y		Y
S_83c7405e	14	70	Human Excrement Compost				AR		36	2022-09-15		20	18	18	18	6.7	1.4	5.3		coconut coir	cocnut coir	15.6	100	2					N			4.5			Y		Y	
S_7db0a220	14	71	Human Excrement Compost				AR		37	2022-09-22		1	19	19	19	6.7	1.4	5.3		coconut coir	coconut coir	16.5	100	2					N			4.5			Y			Y
S_8e87bb0f	14	72	Human Excrement Compost				KVO		38	2022-09-29		2	15.5	16	15.75	6.7	1.4	5.3		coconut coir	coconut coir, feces	14.5	100	2					N			4.5			Y		Y	
S_83723841	14	73	Human Excrement Compost				AR		39	2022-10-06		3	15	15	15	6.8	1.4	5.4		coconut coir	coconut coir; feces	13.2	100	2					N			4.5			Y			Y
S_829e4177	14	74	Human Excrement Compost				AR		40	2022-10-13		4	15	15	15	6.7	1.4	5.3		coconut coir	coconut coir	11.6	100	2					N			4.5			Y		Y	
S_5b3ecf01	14	75	Human Excrement Compost				AR		41	2022-10-20		5	19	19	19	6.8	1.4	5.4		coconut coir	coconut coir; feces	10.9	100	2					N			4.5			Y			Y
S_f1e431dc	14	76	Human Excrement Compost				KVO		42	2022-10-27		6	15	15	15	6.7	1.4	5.3		coconut coir	coconut coir; feces	10.6	100	2					N			4.5			Y		Y	
S_86905dbd	14	77	Human Excrement Compost				KVO		43	2022-11-03		7	10	10	10	6.7	1.4	5.3		coconut coir	coconut coir	10.2	100	2					N			4.5			Y			Y
S_f26907b0	14	78	Human Excrement Compost				AR		44	2022-11-10		8	15	14	14.5	6.7	1.4	5.3		coconut coir	coconut coir	9.7	100	2					N			4.5			Y		Y	
S_ba4be4c0	14	79	Human Excrement Compost				KVO		45	2022-11-17		9	11	11	11	6.7	1.4	5.3		coconut coir	coconut coir; feces	9.1	100	2					N			4.5			Y			Y
S_55a90688	14	80	Human Excrement Compost				AR		46	2022-11-24		10	11	11	11	6.6	1.4	5.2		coconut coir	coconut coir; feces	10.1	92	2					N			4.5			Y		Y	
S_d147b4ea	14	81	Human Excrement Compost				AR		47	2022-12-01		11	13	13	13	6.7	1.4	5.3		coconut coir	coconut coir	9.7	100	2					N			4.5			Y			Y
S_73dafc03	14	82	Human Excrement Compost				KVO		48	2022-12-08		12	10	9	9.5	6.7	1.4	5.3		coconut coir	coconut coir	9.3	100	2					N			5			Y		Y	
S_0513d081	14	83	Human Excrement Compost				AR		49	2022-12-15		13	14	15	14.5	6.6	1.4	5.2		coconut coir	coconut coir; feces	10.5	92	2					N			4.5			Y			Y
S_5a1267aa	14	84	Human Excrement Compost				KVO		50	2022-12-22		14	13	13	13	6.6	1.4	5.2		coconut coir	coconut coir	9.6	100	2					N			4.5			Y		Y	
S_bb59b60a	14	85	Human Excrement Compost				KVO		51	2022-12-29		15	9	9	9	6.6	1.4	5.2		coconut coir	coconut coir	8.6	100	2					N			4.5			Y			Y
S_8777baf4	14	86	Human Excrement Compost				KVO		52	2023-01-05		16	11	11	11	6.6	1.4	5.2		coconut coir	coconut coir	9.1	100	2					N			4.5			Y	Y	Y	
S_3962d6d5	14		Human Excrement Compost				PI			2023-08-10		3	23	22.5	22.75	6.4	1.4	5		coconut coir	coconut coir	17.1	100	2					N			4.5	Samples collected; DNA not extracted					
S_94fdfab4	15	1	Bulking Material				Participant	Coconut Coir																											Y	Y		Y
S_de81a89d	15	1	Inside Toilet Pre Use				Participant																												Y			Y
S_22f70128	15	2	Other Controls				Participant																												Y			
S_0f5ecd65-4B	15	3	Soil Nearby Toilet				Participant																												Y			Y
S_f7743976	15	4	Human Excrement				Participant																												Y	Y		Y
S_7462fb8a	15	5	Human Excrement				Participant																												Y	Y		Y
S_4b25ce63	15	6	Human Excrement				Participant																												Y	Y		Y
S_59b07287	15	7	Human Excrement Compost				ST		1	2022-07-14	Summer	7	25	24	24.5	4.9	1.4	3.5	dead flies and dead brown pupa	coconut coir	coconut coir; feces	20.2	88	2					N			7.5			Y	Y		Y
S_2c50fd6a	15	8	Human Excrement Compost				ST		2	2022-07-21	Summer	8	22	21	21.5	4.9	1.4	3.5	dead flies; dust	coconut coir	coconut coir; feces	18.9	79	2					N			7.5			Y		Y	
S_355e9e9a	15	9	Human Excrement Compost				ST		3	2022-07-28	Summer	3	21	20	20.5	4.9	1.4	3.5	dead flies; live flies; dust	coconut coir	coconut coir; feces; small live black flies	18.6	83	2					N			7.5			Y			Y
S_33206707	15	10	Human Excrement Compost				ST		4	2022-08-04	Summer	4	18	18	18	4.9	1.4	3.5	dead flies; live flies; dust	coconut coir	coconut coir; small air pocket	18.7	100	2					N			7			Y		Y	
S_94391117	15	11	Human Excrement Compost				ST		5	2022-08-11	Summer	5	19.5	19	19.25	4.9	1.4	3.5	dead flies; live flies; dust	coconut coir	coconut coir	18.2	100	2					N			7			Y			Y
S_0c94287c	15	12	Human Excrement Compost				JM		6	2022-08-18	Summer	6	22.5	23	22.75	4.9	1.4	3.5	dead flies; live flies; dust	coconut coir	coconut coir	19.1	67	2					N			7			Y		Y	
S_97bff4fc	15	13	Added water				JM		6	2022-08-18	Summer																						Added 200 mL Invitrogen ultra pure distilled water					
S_c224879a	15	14	Human Excrement Compost				ST		7	2022-08-25	Summer	7	18	18	18	5	1.4	3.6	dead flies; live flies	coconut coir	coconut coir; live black flies	17.8	100	2					N			7			Y			Y
S_42c1ae49	15	15	Human Excrement Compost				AR		8	2022-09-01	Summer	8	25.5	26	25.75	5.1	1.4	3.7	live flies	coconut coir; live black flies	coconut coir; small white organism	19.9	73	2					Y	live black fly	2	6.5			Y		Y	
S_c4e51021	15	16	Human Excrement Compost				AR		9	2022-09-08		9	20.5	21	20.75	5	1.4	3.6	black flies	coconut coir	coconut coir; live black flies	17.8	100	2					Y	live black fly	4	6.25			Y			Y
S_499d0ca7	15	17	Human Excrement Compost				AR		10	2022-09-15		10	18	18	18	5	1.4	3.6		coconut coir	coconut coir; live black flies	14.7	100	2					Y	live black fly; white pupa	4; 2	6.25			Y		Y	
S_401dae8e	15	18	Human Excrement Compost				AR		11	2022-09-22		11	20	20	20	5	1.4	3.6		coconut coir; live black flies	coconut coir; feces; live black flies	17.5	100	2					Y	live black flies	3	5.5			Y			Y
S_20a5ed1d	15	19	Human Excrement Compost				KVO		12	2022-09-29		12	15.5	15	15.25	5	1.4	3.6		coconut coir; live black flies	coconut coir; live black flies	14.8	92	2					Y	live black fly	2	5.5			Y		Y	
S_5a3dec71	15	20	Human Excrement Compost				AR		13	2022-10-06		13	15	15	15	5	1.4	3.6		coconut coir; live black flies	coconut coir; live black flies	13.6	95	2					Y	live black fly	3	5.5			Y			Y
S_46b4c69e	15	21	Human Excrement Compost				AR		14	2022-10-13		14	15	15	15	5	1.4	3.6		coconut coir; live black flies	coconut coir; feces; live black flies	11.6	66	2					Y	live black fly	3	5			Y		Y	
S_7ff1d3c4	15	22	Human Excrement Compost				AR		15	2022-10-20		15	17.5	18	17.75	5	1.4	3.6		coconut coir; live black flies	coconut coir; live black flies	11.5	65	2					Y	live black fly	3	5			Y			Y
S_fa99b508	15	23	Human Excrement Compost				KVO		16	2022-10-27		16	15	15	15	4.9	1.4	3.5		coconut coir	coconut coir	10.9	96	2					N			5			Y		Y	
S_ef484731	15	24	Human Excrement Compost				KVO		17	2022-11-03		17	11	11	11	4.9	1.4	3.5		coconut coir	coconut coir	10.9	100	2					N			5			Y			Y
S_bc809275	15	25	Human Excrement Compost				KVO		18	2022-11-10		18	14.5	14	14.25	4.9	1.4	3.5		coconut coir	coconut coir	9.8	100	2					Y	live black fly	2	5			Y	Y	Y	
S_d75c6bb4	15	26	Human Excrement Compost				KVO		19	2022-11-17		19	12.5	12	12.25	4.9	1.4	3.5		coconut coir	coconut coir; live black flies	9.6	100	2					N			5			Y			Y
S_1326293d	15	27	Human Excrement Compost				AR		20	2022-11-24		20	16.5	16	16.25	4.9	1.4	3.5		coconut coir	coconut coir	10.3	67	2					N			5			Y		Y	
S_76f604cd	15	28	Human Excrement Compost				AR		21	2022-12-01		1	12	12	12	4.9	1.4	3.5	black flies	coconut coir	coconut coir	10	78	2					N			5			Y			Y
S_6b34ce13	15	29	Human Excrement Compost				KVO		22	2022-12-08		2	10.5	10	10.25	4.9	1.4	3.5		coconut coir	coconut coir	9.2	100	2					N			5			Y		Y	
S_58416a12	15	30	Human Excrement Compost				AR		23	2022-12-15		3	13	14	13.5	4.8	1.4	3.4		coconut coir; live black flies	coconut coir	11.5	85	2					N			5			Y			Y
S_5278342	15	31	Human Excrement Compost				KVO		24	2022-12-22		4	13	13	13	4.8	1.4	3.4		coconut coir	coconut coir; feces	9.8	100	2					N			5			Y		Y	
S_c029e4bf	15	32	Human Excrement Compost				KVO		25	2022-12-29		5	9	9	9	4.8	1.4	3.4		coconut coir	coconut coir; feces	8.9	100	2					N			5			Y			Y
S_d8f3b697	15	33	Human Excrement Compost				KVO		26	2023-01-05		6	10	10	10	4.8	1.4	3.4		coconut coir	coconut coir; feces	9.2	100	2					N			5			Y		Y	
S_2b0ea153	15	34	Human Excrement Compost				KVO		27	2023-01-12		7	8	8	8	4.8	1.4	3.4		coconut coir	coconut coir; feces	8.9	100	2					N			5			Y			Y
S_14977ca1	15	35	Human Excrement Compost				AR		28	2023-01-19		8	8	8	8	4.8	1.4	3.4		coconut coir	coconut coir; feces	8.3	100	2					N			5			Y		Y	
S_f3a2013a	15	36	Human Excrement Compost				AR		29	2023-01-26		9	8	8	8	4.7	1.4	3.3		coconut coir	coconut coir	7.5	100	2					N			5			Y			Y
S_32e508f8	15	37	Human Excrement Compost				AR		30	2023-02-02		10	8	8	8	4.7	1.4	3.3		coconut coir	coconut coir	8.6	100	2					N			5			Y		Y	
S_2fec6926	15	38	Human Excrement Compost				AR		31	2023-02-09		11	9	9	9	4.7	1.4	3.3		coconut coir	coconut coir	9	100	2					N			4.5			Y			Y
S_44bcf9bf	15	39	Human Excrement Compost				AR		32	2023-02-16		12	8	8	8	4.7	1.4	3.3		coconut coir	coconut coir; feces	8.7	99	2					N			5			Y		Y	
S_c18ad7a5	15	40	Human Excrement Compost				AR		33	2023-02-23		13	8	8	8	4.7	1.4	3.3		coconut coir	coconut coir	8.4	100	2					N			5			Y			Y
S_ea7db755	15	41	Human Excrement Compost				KVO		34	2023-03-02		14	9	9	9	4.7	1.4	3.3		coconut coir	coconut coir	8.6	100	2					N			4.5			Y		Y	
S_66688a48	15	42	Human Excrement Compost				AR		35	2023-03-09		15	12	12	12	4.6	1.4	3.2		coconut coir	coconut coir	9.4	100	2					N			5			Y	Y		Y
S_88e6274b	15	43	Human Excrement Compost				AR		36	2023-03-16		16	12	12	12	4.7	1.4	3.3		coconut coir	coconut coir	9.4	100	2					N			5			Y		Y	
S_9e74279a	15	44	Human Excrement Compost				AR		37	2023-03-23		17	10	10	10	4.7	1.4	3.3		coconut coir	coconut coir	9.4	100	2					N			5			Y			Y
S_c6362b76	15	45	Human Excrement Compost				AR		38	2023-03-30		18	10	10	10	4.7	1.4	3.3		coconut coir	coconut coir	10.2	100	2					N			5			Y		Y	
S_073fbd1c	15	46	Human Excrement Compost				KVO		39	2023-04-06		19	12	12	12	4.7	1.4	3.3		coconut coir	coconut coir	10.4	100	2					N			5			Y			Y
S_81ab1313	15	47	Human Excrement Compost				AR		40	2023-04-13		20	22	22	22	4.7	1.4	3.3		coconut coir	coconut coir	12.5	98	2					N			4.5			Y		Y	
S_a94a9f96	15	48	Human Excrement Compost				KVO		41	2023-04-20		1	14.5	15	14.75	4.6	1.4	3.2		coconut coir	coconut coir	10.3	100	2					N			4.5			Y			Y
S_e14d950e	15	49	Human Excrement Compost				AR		42	2023-04-27		2	15	15	15	4.6	1.4	3.2		coconut coir	coconut coir	10.2	86	2					N			4.5			Y		Y	
S_bc339a26	15	50	Human Excrement Compost				PI		43	2023-05-04		3	15	15	15	4.6	1.4	3.2		coconut coir	coconut coir	12.1	86	2					N			4.5			Y			Y
S_8b38b3a0	15	51	Human Excrement Compost				PI		44	2023-05-11		4	14.5	15	14.75	4.6	1.4	3.2		coconut coir	coconut coir	10.3	85	2					N			4.5			Y		Y	
S_c6f908d8	15	52	Human Excrement Compost				PI		45	2023-05-18		5	15	15	15	4.6	1.4	3.2		coconut coir	coconut coir	13.2	70	2					N			4.5			Y			Y
S_e35d8e41	15	53	Human Excrement Compost				PI		46	2023-05-25		6	15	15.5	15.25	4.6	1.4	3.2		coconut coir	coconut coir	13.1	110	2					N			4.5			Y		Y	
S_e3618823	15	54	Human Excrement Compost				PI		47	2023-06-01		7	15.5	15	15.25	4.5	1.4	3.1		coconut coir	coconut coir	12.5	96	2					N			4.5			Y			Y
S_5112bf5f	15	55	Human Excrement Compost				PI		48	2023-06-08		8	19	20	19.5	4.6	1.4	3.2		coconut coir	coconut coir	13	76	2					N			4.5			Y		Y	
S_33016047	15	56	Human Excrement Compost				PI		49	2023-06-15		9	19	19.5	19.25	4.6	1.4	3.2		coconut coir	coconut coir	13.1	91	2					N			4.5			Y			Y
S_8ec9928a	15	57	Human Excrement Compost				PI		50	2023-06-22		10	17	17	17	4.5	1.4	3.1		coconut coir	coconut coir	14.9	87	2					N			4.5			Y		Y	
S_f41fc9df	15	58	Human Excrement Compost				PI		51	2023-06-29		11	19	19.5	19.25	4.5	1.4	3.1		coconut coir	coconut coir	14.4	96	2					N			4.5			Y			Y
S_df95db57	15	59	Human Excrement Compost				PI		52	2023-07-06		12	20	20	20	4.4	1.4	3		coconut coir	coconut coir	16.9	100	2					N			4.75			Y	Y	Y	
S_93bc32ac	15		Human Excrement Compost				PI			2023-08-10		20	24	24	24	4.5	1.6	2.9		coconut coir	coconut coir	20.3	100	2					N			4.5	Samples collected; DNA not extracted					
S_7810eee6	16	1	Bulking Material				Participant	Pine Shavings																											Y	Y		Y
S_5d41e74b	16	2	Inside Toilet Pre Use				Participant																												Y			Y
S_13ad5b3f	16	3	Soil Nearby Toilet				Participant																												Y			Y
S_61b46f5c	16	4	Other Controls				Participant																												Y			
S_f44a9069	16	5	Human Excrement				Participant																												Y	Y		Y
S_5aed4e5b	16	6	Human Excrement				Participant																												Y	Y		Y
S_c24eb33e	16	7	Human Excrement				Participant																												Y	Y		Y
S_c82b032c	16	8	Human Excrement Compost				ST		1	2022-07-07	Summer	7	21.5	22	21.75	4.2	1.4	2.8		pine shavings; live black flies	pine shavings	16.5	41	2					N			7	Sewer smell coming from bucket		Y	Y		Y
S_ce563484	16	9	Human Excrement Compost				ST		2	2022-07-14	Summer	8	25	24	24.5	4.2	1.4	2.8	dead black flies	pine shavings; live black flies	pine shavings	19.7	75	2					Y	live black fly	too fast to measure	7	Sewer smell coming from bucket		Y		Y	
S_0975edb5	16	10	Human Excrement Compost				ST		3	2022-07-21	Summer	9	22	20	21	4.1	1.4	2.7	dead black flies	pine shavings; live black flies	pine shavings	19	62	2					N			7			Y			Y
S_71fe51b3	16	11	Human Excrement Compost				ST		4	2022-07-28	Summer	10	20.5	20	20.25	4.1	1.4	2.7	dead black flies	pine shavings; small and big live black flies	pine shavings	19.1	58	2					N			7			Y		Y	
S_1db63fd8	16	12	Human Excrement Compost				ST		5	2022-08-04	Summer	11	17.5	18	17.75	4.1	1.4	2.7	dead and live black flies	pine shavings; small live black flies	pine shavings; small live black flies	19.7	52	2					Y	live black fly	too fast to measure	7	Sewer smell coming from bucket		Y			Y
S_37b537ab	16	13	Human Excrement Compost				ST		6	2022-08-11	Summer	12	20	19	19.5	4.1	1.4	2.7	dead and live black flies	pine shavings; small live black flies	pine shavings; small live black flies	18.3	45	2					Y	live black fly	too fast to measure	7	Sewer smell coming from bucket		Y		Y	
S_ccca29fb	16	14	Human Excrement Compost				JM		7	2022-08-18	Summer	13	24	23	23.5	4.1	1.4	2.7	dead and live black flies	pine shave; small live black flies	pine shavings; small live black flies	18.1	70	2					Y	live black fly	too fast to measure	7			Y			Y
S_f694a6ef	16	15	Human Excrement Compost				ST		8	2022-08-25	Summer	14	18.5	18	18.25	4	1.4	2.6	dead and live black flies	pine shave; small live black flies	pine shavings; small live black flies	17.2	64	2					Y	live black fly	too fast to measure	7			Y		Y	
S_8be7bfa3	16	16	Human Excrement Compost				AR		9	2022-09-01		15	26.5	30	28.25	4	1.4	2.6		pine shavings; small black flies	pine shavings	20.6	48	2					N			6.5			Y			Y
S_e8d1d97f	16	17	Human Excrement Compost				AR		10	2022-09-08		16	20.5	21	20.75	4	1.4	2.6		pine shavings; small black flies	pine shavings; feces; white fungus	17.9	33	2					Y	light brown pupa	3	6.25			Y		Y	
S_21f81b81	16	18	Human Excrement Compost				AR		11	2022-09-15		17	18.5	18	18.25	3.9	1.4	2.5		pine shavings; small black flies	pine shavings; feces; live black fly	14.6	46	2					Y	light brown pupa	4	5.5			Y			Y
S_e121eab8	16	19	Human Excrement Compost				AR		12	2022-09-22		18	20.5	20	20.25	3.9	1.4	2.5		pine shavings	pine shavings	17.2	43	2					Y	dark yellow pupa	4	6.25			Y		Y	
S_b7caa7d8	16	20	Human Excrement Compost				KVO		13	2022-09-29		19	14.5	15	14.75	3.9	1.4	2.5		pine shavings	pine shavings	14.2	32	2					N			6.25			Y			Y
S_a5a84a48	16	21	Human Excrement Compost				AR		14	2022-10-06		20	15	15	15	4	1.4	2.6		pine shavings	pine shavings	13.1	47	2					N			6.25			Y		Y	
S_e1f6d0be	16	22	Human Excrement Compost				AR		15	2022-10-13		1	15.5	15	15.25	3.9	1.4	2.5		pine shavings	pine shavings	11.2	37	2					N			6.25			Y			Y
S_571f565f	16	23	Human Excrement Compost				AR		16	2022-10-20		2	16.5	18	17.25	4	1.4	2.6		pine shavings	pine shavings; live black flies	11.5	41	2					N			6.25			Y		Y	
S_f3ace39a	16	24	Human Excrement Compost				KVO		17	2022-10-27		3	14.5	15	14.75	4	1.4	2.6		pine shavings	pine shavings	10.5	67	2					N			6.25			Y			Y
S_49fe81ad	16	25	Human Excrement Compost				KVO		18	2022-11-03		4	11	11	11	3.9	1.4	2.5		pine shavings	pine shavings; black flie	10.3	62	2								6.25			Y	Y	Y	
S_88e24a0d	16	26	Human Excrement Compost				KVO		19	2022-11-10		5	14.5	15	14.75	3.9	1.4	2.5		pine shavings	pine shavings; feces	10.6	69	2					N			6.25			Y			Y
S_66c10f7a	16	27	Human Excrement Compost				KVO		20	2022-11-17		6	14	13	13.5	3.9	1.4	2.5		pine shavings; live black flies	pine shavings; black flies	9.5	47	2					N			6.25			Y		Y	
S_05c6e0cb	16	28	Human Excrement Compost				AR		21	2022-11-24		7	14	14	14	3.9	1.4	2.5		pine shavings	pine shavings	9.3	34	2					N			6.25			Y			Y
S_c9337bf5	16	29	Human Excrement Compost				AR		22	2022-12-01		8	12	13	12.5	3.9	1.4	2.5		pine shavings	pine shavings	10.1	31	2					N			6.25			Y		Y	
S_bd31ebc5	16	30	Human Excrement Compost				KVO		23	2022-12-08		9	12	12	12	3.9	1.4	2.5		pine shavings	pine shavings	9.6	64	2					N			6.25			Y			Y
S_1065a603	16	31	Human Excrement Compost				AR		24	2022-12-15		10	15	15	15	3.8	1.4	2.4		pine shavings; live black flies	pine shavings	11.7	26	2					N			6.25			Y		Y	
S_d12bf797	16	32	Human Excrement Compost				KVO		25	2022-12-22		11	12.5	13	12.75	3.9	1.4	2.5		pine shavings; live black flies	pine shavings	11.2	44	2					N			5.5			Y			Y
S_ad31613e	16	33	Human Excrement Compost				KVO		26	2022-12-29		12	10	10	10	3.8	1.4	2.4		pine shavings; live black flies	pine shavings	9.6	47	2					N			5.5			Y		Y	
S_934061d9	16	34	Human Excrement Compost				KVO		27	2023-01-05		13	10	10	10	3.8	1.4	2.4		pine shavings; live black flies	pine shavings; live black flies	8.9	56	2					N			5			Y			Y
S_4fc79697	16	35	Human Excrement Compost				KVO		28	2023-01-12		14	8	8	8	3.8	1.4	2.4		pine shavings; live black flies	pine shavings; live black flies	8.9	60	2					N			5			Y		Y	
S_f6a6100a	16	36	Human Excrement Compost				AR		29	2023-01-19		15	8.5	8	8.25	3.8	1.4	2.4		pine shavings; live black flies	pine shavings	8.2	41	2					N			4.5			Y			Y
S_ab5f0c13	16	37	Human Excrement Compost				AR		30	2023-01-26		16	8	8	8	3.8	1.4	2.4		pine shavings; live black flies	pine shavings	8.5	27	2					N			5			Y		Y	
S_36ad1824	16	38	Human Excrement Compost				AR		31	2023-02-02		17	8	8	8	3.8	1.4	2.4		pine shavings; live black flies	pine shavings; feces	7.8	40	2					N			4.5			Y			Y
S_0e8ff749	16	39	Human Excrement Compost				AR		32	2023-02-09		18	9	9	9	3.8	1.4	2.4		pine shavings	pine shavings; feces	9.3	28	2					N			4.5			Y		Y	
S_f1425e2e	16	40	Human Excrement Compost				AR		33	2023-02-16		19	8	8	8	3.8	1.4	2.4		pine shavings	pine shavings; feces	8	36	2					N			4.5			Y			Y
S_d912172e	16	41	Human Excrement Compost				AR		34	2023-02-23		20	8.5	8	8.25	3.7	1.4	2.3		pine shavings	pine shavings; feces	8.4	63	2					N			5			Y		Y	
S_ec7f65cf	16	42	Human Excrement Compost				KVO		35	2023-03-02		1	9	9	9	3.7	1.4	2.3		pine shavings	pine shavings	8.7	45	2					N			4.5			Y	Y		Y
S_731619d3	16	43	Human Excrement Compost				AR		36	2023-03-09		2	12	12	12	3.6	1.4	2.2		pine shavings; live black flies	pine shavings	9.4	38	2					N			4.5			Y		Y	
S_d32901e3	16	44	Human Excrement Compost				AR		37	2023-03-16		3	13	12	12.5	3.7	1.4	2.3		pine shavings	pine shavings; live black flies	9.7	59	2					N			5			Y			Y
S_a11f6626	16	45	Human Excrement Compost				AR		38	2023-03-23		4	12	12	12	3.7	1.4	2.3		pine shavings	pine shavings	10.2	31	2					N			5			Y		Y	
S_bdf85b57	16	46	Human Excrement Compost				AR		39	2023-03-30		5	10	10	10	3.7	1.4	2.3		pine shavings	pine shavings; live black flies	10.3	43	2					N			5			Y			Y
S_710f0d55	16	47	Human Excrement Compost				KVO		40	2023-04-06		6	11.5	11	11.25	3.7	1.4	2.3		pine shavings; live black flies	pine shavings	9.3	48	2					N			5			Y		Y	
S_b01a8378-A	16	48	Human Excrement Compost				KVO		41	2023-04-13		7	22	17.5	19.75	3.7	1.4	2.3		pine shavings	pine shavings; live black flies	12.5	45	2					N			4.5			Y			Y
S_9cfd377f	16	49	Human Excrement Compost				KVO		42	2023-04-20		8	13	14	13.5	3.6	1.4	2.2		pine shavings	pine shavings; live black flies	10.6	40	2					N			5			Y		Y	
S_c0725147	16	50	Human Excrement Compost				AR		43	2023-04-27		9	15	15	15	3.6	1.4	2.2		pine shavings; live black flies	pine shavings	12	49	2					N			4.5			Y			Y
S_614c4eec	16	51	Human Excrement Compost				PI		44	2023-05-04		10	15.5	15	15.25	3.6	1.4	2.2		pine shavings	pine shavings	14.3	32	2					N			4.5			Y		Y	
S_0ca1c1f8	16	52	Human Excrement Compost				PI		45	2023-05-11		11	13	13	13	3.6	1.4	2.2		pine shavings	pine shavings; live black flies	12.6	60	2					N			4.5			Y			Y
S_b70aa6b4	16	53	Human Excrement Compost				PI		46	2023-05-18		12	15	15	15	3.6	1.4	2.2		pine shavings	pine shavings	14.5	36	2					N			4.75			Y		Y	
S_bb7daa8c	16	54	Human Excrement Compost				PI		47	2023-05-25		13	16	16	16	3.6	1.4	2.2		pine shavings	pine shavings	13.6	67	2					N			4.5			Y			Y
S_491222d8	16	55	Human Excrement Compost				PI		48	2023-06-01		14	13	13	13	3.5	1.4	2.1		pine shavings	pine shavings	12.5	67	2					N			4.5			Y		Y	
S_a1b057e3	16	56	Human Excrement Compost				PI		49	2023-06-08		15	17	17	17	3.5	1.4	2.1		pine shavings	pine shavings	12.7	38	2					N			4.75			Y			Y
S_d0cbaede-A	16	57	Human Excrement Compost				PI		50	2023-06-15		16	17	16.5	16.75	3.6	1.4	2.2		pine shavings	feces; pine shavings	13.4	53	2					N			4.75			Y		Y	
S_2414cd23	16	58	Human Excrement Compost				PI		51	2023-06-22		17	16	16	16	3.5	1.4	2.1		pine shavings	pine shavings	14	49	2					N			4.75			Y			Y
S_21041ba9	16	59	Human Excrement Compost				PI		52	2023-06-29		18	16	16.5	16.25	3.4	1.4	2		pine shavings	pine shavings	14.2	62	2					N			4.75			Y	Y	Y	
S_bbade2b3	16		Human Excrement Compost				PI			2023-08-10		13	26	26	26	3.5	1.6	1.9		pine shavings	pine shavings	18.7	53	2					N			4.5	Samples collected; DNA not extracted					
S_0bd17			Bulking Material	Pine Debris	0.5	Forestdale	CO			2020-12-03																									Y		Y	
S_5295e			Bulking Material	Pine Debris	0.5	Forestdale	CO			2020-12-03																									Y			Y
S_cb9b0			Bulking Material	Pine Debris	0.5	Forestdale	CO			2020-12-03																									Y		Y	
S_25b9b			Bulking Material	Food Waste	14	NAU	HC			2020-09-25																									Y			Y
S_8c959			Bulking Material	Food Waste	14	NAU	EB			2020-09-25																									Y		Y	
S_af156			Bulking Material	Food Waste	14	NAU	CO			2020-09-25																									Y			Y
S_eeab3			Bulking Material	Wood Chips	1 - 24	NAU	HC			2020-12-17																									Y	Y	Y	
S_9eb39			Bulking Material	Wood Chips	1 - 24	NAU	HC			2020-12-17																									Y			Y
S_659c7			Bulking Material	Wood Chips	1 - 24	NAU	HC			2020-12-17																									Y		Y	
S_ddabc			Bulking Material	Wood Chips	1 - 24	NAU	HC			2020-12-17																									Y			Y
S_2828d			Bulking Material	Wood Chips	1 - 24	NAU	HC			2020-12-17																									Y		Y	
S_d8ff9			Bulking Material	Wood Chips	1 - 24	NAU	HC			2020-12-17																									Y	Y		Y
S_14950			Bulking Material	Pine Debris		NAU	CO			2020-09-25																									Y			
S_2d3d1			Bulking Material	Pine Debris		NAU	CO			2020-09-25																									Y			
S_60d03			Bulking Material	Pine Debris		NAU	HC			2020-09-25																									Y			
S_90854			Bulking Material	Pine Debris		NAU	HC			2020-09-25																									Y			
S_a5abf			Bulking Material	Pine Debris		NAU	EB			2020-09-25																									Y			
S_fe9ff			Bulking Material	Pine Debris		NAU	EB			2020-09-25																									Y			
S_0359c			Food Compost	Food Waste	1	Colton Composting	CO			2020-12-19																									Y		Y	
S_09fe1			Food Compost	Food Waste	1	Colton Composting	CO			2020-12-19																									Y			Y
S_7e92a			Food Compost	Food Waste	1	Colton Composting	CO			2020-12-19																									Y		Y	
S_8b070			Food Compost	Food Waste	1	Colton Composting	CO			2020-12-19																									Y			Y
S_9a1b6			Food Compost	Food Waste	1	Colton Composting	CO			2020-12-19																									Y		Y	
S_bbc33			Food Compost	Food Waste	1	Colton Composting	CO			2020-12-19																									Y			Y
S_ca270			Food Compost	Food Waste	1	Colton Composting	CO			2020-12-19																									Y		Y	
S_d826e			Food Compost	Food Waste	1	Colton Composting	CO			2020-12-19																									Y			Y
S_dfb19			Food Compost	Food Waste	1	Colton Composting	CO			2020-12-19																									Y		Y	
S_07a72			Food Compost	Food Waste	2	Colton Composting	CO			2020-12-19																									Y			Y
S_2020			Food Compost	Food Waste	2	Colton Composting	CO			2020-12-19																									Y		Y	
S_58d7c			Food Compost	Food Waste	2	Colton Composting	CO			2020-12-19																									Y			Y
S_857e13			Food Compost	Food Waste	2	Colton Composting	CO			2020-12-19																									Y		Y	
S_97807			Food Compost	Food Waste	2	Colton Composting	CO			2020-12-19																									Y			Y
S_dd4c6			Food Compost	Food Waste	2	Colton Composting	CO			2020-12-19																									Y		Y	
S_e947d			Food Compost	Food Waste	2	Colton Composting	CO			2020-12-19																									Y			Y
S_f0f58			Food Compost	Food Waste	2	Colton Composting	CO			2020-12-19																									Y		Y	
S_ocaba			Food Compost	Food Waste	2	Colton Composting	CO			2020-12-19																									Y			Y
S_1f51a			Food Compost	Food Waste	1	Corbin Composting	CO			2020-12-03																									Y		Y	
S_d3ecb			Food Compost	Food Waste	1	Corbin Composting	CO			2020-12-03																									Y			Y
S_e1057			Food Compost	Food Waste	1	Corbin Composting	CO			2020-12-03																									Y		Y	
S_a52fd			Food Compost	Food Waste	12	Corbin Composting	CO			2020-12-03																									Y	Y		Y
S_b4a56			Food Compost	Food Waste	12	Corbin Composting	CO			2020-12-03																									Y		Y	
S_dcc02			Food Compost	Food Waste	12	Corbin Composting	CO			2020-12-03																									Y			Y
S_71b42			Food Compost	Food Waste	6	Flagstaff EcoRanch	CO			2020-11-02																									Y		Y	
S_b2683			Food Compost	Food Waste	6	Flagstaff EcoRanch	CO			2020-11-02																									Y			Y
S_d47bd			Food Compost	Food Waste	6	Flagstaff EcoRanch	CO			2020-11-02																									Y	Y	Y	
S_82597			Food Compost	Food Waste	8	Flagstaff EcoRanch	CO			2020-11-02																									Y			Y
S_b0642			Food Compost	Food Waste	8	Flagstaff EcoRanch	CO			2020-11-02																									Y	Y	Y	
S_c61f2			Food Compost	Food Waste	8	Flagstaff EcoRanch	CO			2020-11-02																									Y			Y
S_39bc6			Food Compost	Food Waste	10	Flagstaff EcoRanch	CO			2020-11-02																									Y	Y	Y	
S_853fa			Food Compost	Food Waste	10	Flagstaff EcoRanch	CO			2020-11-02																									Y			Y
S_f7576			Food Compost	Food Waste	10	Flagstaff EcoRanch	CO			2020-11-02																									Y		Y	
S_1c8da			Food Compost	Food Waste	12	Flagstaff EcoRanch	CO			2020-11-02																									Y			Y
S_eceed			Food Compost	Food Waste	12	Flagstaff EcoRanch	CO			2020-11-02																									Y	Y	Y	
S_ef85a			Food Compost	Food Waste	12	Flagstaff EcoRanch	CO			2020-11-02																									Y			Y
S_25f82			Food Compost	Food Waste	6	Forestdale	CO			2020-12-03																									Y		Y	
S_30c21			Food Compost	Food Waste	6	Forestdale	CO			2020-12-03																									Y			Y
S_592b4			Food Compost	Food Waste	6	Forestdale	CO			2020-12-03																									Y		Y	
S_53bca			Food Compost	Food Waste	1	Home Composting	CO			2020-01-15																									Y			Y
S_9f9fc			Food Compost	Food Waste	1	Home Composting	CO			2020-01-15																									Y		Y	
S_d2d9f			Food Compost	Food Waste	1	Home Composting	CO			2020-01-15																									Y			Y
S_40dad			Food Compost	Food Waste	2	Home Composting	CO			2020-01-15																									Y		Y	
S_c303d			Food Compost	Food Waste	2	Home Composting	CO			2020-01-15																									Y			Y
S_fafa1			Food Compost	Food Waste	2	Home Composting	CO			2020-01-15																									Y	Y	Y	
S_7becf			Food Compost	Food Waste	3	Home Composting	CO			2020-01-15																									Y			Y
S_9df88			Food Compost	Food Waste	3	Home Composting	CO			2020-01-15																									Y		Y	
S_e8233			Food Compost	Food Waste	3	Home Composting	CO			2020-01-15																									Y	Y		Y
S_e5736			Food Compost	Food Waste	0	NAU	EB			2020-09-25																									Y		Y	
S_eedc8			Food Compost	Food Waste	0	NAU	HC			2020-09-25																									Y			Y
S_fac63			Food Compost	Food Waste	0	NAU	CO			2020-09-25																									Y		Y	
S_0eea8			Food Compost	Food Waste	2	NAU	EB			2020-12-17																									Y			Y
S_742dc			Food Compost	Food Waste	2	NAU	EB			2020-12-17																									Y		Y	
S_75360			Food Compost	Food Waste	2	NAU	HC			2020-09-25																									Y			Y
S_bcbb5			Food Compost	Food Waste	2	NAU	CO			2020-09-25																									Y		Y	
S_cd025			Food Compost	Food Waste	2	NAU	HC			2020-12-17																									Y			Y
S_dab6a			Food Compost	Food Waste	2	NAU	EB			2020-09-25																									Y		Y	
S_11840			Food Compost	Food Waste	4	NAU	HC			2020-09-25																									Y			Y
S_360d5			Food Compost	Food Waste	4	NAU	EB			2020-12-17																									Y		Y	
S_6033d			Food Compost	Food Waste	4	NAU	EB			2020-12-17																									Y			Y
S_b4c01			Food Compost	Food Waste	4	NAU	CO			2020-09-25																									Y		Y	
S_cf39b			Food Compost	Food Waste	4	NAU	TQ			2020-12-17																									Y			Y
S_e8fd7			Food Compost	Food Waste	4	NAU	EB			2020-09-25																									Y		Y	
S_089f6			Food Compost	Food Waste	6	NAU	EB			2020-12-17																									Y			Y
S_08ee9			Food Compost	Food Waste	6	NAU	EB			2020-09-25																									Y		Y	
S_1c2ef			Food Compost	Food Waste	6	NAU	HC			2020-09-25																									Y			Y
S_1e465			Food Compost	Food Waste	6	NAU	CO			2020-09-25																									Y		Y	
S_37519			Food Compost	Food Waste	6	NAU	HC			2020-09-25																									Y			Y
S_6a92b			Food Compost	Food Waste	6	NAU	EB			2020-09-25																									Y		Y	
S_6c7bb			Food Compost	Food Waste	6	NAU	HC			2020-09-25																									Y			Y
S_7515e			Food Compost	Food Waste	6	NAU	EB			2020-12-17																									Y		Y	
S_7a1c7			Food Compost	Food Waste	6	NAU	CO			2020-09-25																									Y			Y
S_8e494			Food Compost	Food Waste	6	NAU	CO			2020-09-25																									Y		Y	
S_ab1a9			Food Compost	Food Waste	6	NAU	CO			2020-09-25																									Y			Y
S_c5ed6			Food Compost	Food Waste	6	NAU	HC			2020-09-25																									Y		Y	
S_d9d72			Food Compost	Food Waste	6	NAU	EB			2020-09-25																									Y			Y
S_dcf5a			Food Compost	Food Waste	6	NAU	EB			2020-09-25																									Y		Y	
S_df483			Food Compost	Food Waste	6	NAU	EB			2020-09-25																									Y			Y
S_f26df			Food Compost	Food Waste	6	NAU	HC			2020-09-25																									Y		Y	
S_f415a			Food Compost	Food Waste	6	NAU	CO			2020-09-25																									Y			Y
S_4988a			Food Compost	Food Waste	8	NAU	CO			2020-09-25																									Y		Y	
S_7a5fb			Food Compost	Food Waste	8	NAU	TQ			2020-12-17																									Y			Y
S_8f91e			Food Compost	Food Waste	8	NAU	EB			2020-09-25																									Y		Y	
S_9c9d8			Food Compost	Food Waste	8	NAU	TQ			2020-12-17																									Y			Y
S_ac33e			Food Compost	Food Waste	8	NAU	HC			2020-09-25																									Y		Y	
S_effac			Food Compost	Food Waste	8	NAU	TQ			2020-12-17																									Y			Y
S_1019f			Food Compost	Food Waste	10	NAU	TQ			2020-12-17																									Y		Y	
S_2df6c			Food Compost	Food Waste	10	NAU	HC			2020-09-25																									Y			Y
S_3d94d			Food Compost	Food Waste	10	NAU	EB			2020-09-25																									Y		Y	
S_9d526			Food Compost	Food Waste	10	NAU	TQ			2020-12-17																									Y			Y
S_d9c95			Food Compost	Food Waste	10	NAU	CO			2020-09-25																									Y		Y	
S_e1a4f			Food Compost	Food Waste	10	NAU	TQ			2020-12-17																									Y			Y
S_1fc68			Food Compost	Food Waste	12	NAU	EB			2020-09-25																									Y		Y	
S_54770			Food Compost	Food Waste	12	NAU	TQ			2020-12-17																									Y			Y
S_b3adf			Food Compost	Food Waste	12	NAU	CO			2020-09-25																									Y		Y	
S_ce373			Food Compost	Food Waste	12	NAU	HC			2020-09-25																									Y			Y
S_e69d2			Food Compost	Food Waste	12	NAU	TQ			2020-12-17																									Y		Y	
S_fabbc			Food Compost	Food Waste	12	NAU	TQ			2020-12-17																									Y			Y
S_27b84			Food Compost	Food Waste	14	NAU	EB			2020-09-25																									Y		Y	
S_46530			Food Compost	Food Waste	14	NAU	HC			2020-09-25																									Y			Y
S_a1ca5			Food Compost	Food Waste	14	NAU	CO			2020-09-25																									Y		Y	
S_4c9b4			Food Compost	Food Manure Co-Compost		NAU	CO			2020-09-25																									Y			Y
S_f1a05			Food Compost	Food Manure Co-Compost		NAU	HC			2020-09-25																									Y		Y	
S_fa0ca			Food Compost	Food Manure Co-Compost		NAU	EB			2020-09-25																									Y			Y
S_40433			Food Compost	Food Waste	0.5	Refugia Gardens	HC			2020-11-20																									Y		Y	
S_bb287			Food Compost	Food Waste	0.5	Refugia Gardens	HC			2020-11-20																									Y			Y
S_f6484			Food Compost	Food Waste	0.5	Refugia Gardens	HC			2020-11-20																									Y		Y	
S_1b677			Food Compost	Food Waste	3	Refugia Gardens	HC			2020-11-20																									Y			Y
S_55a02			Food Compost	Food Waste	3	Refugia Gardens	HC			2020-11-20																									Y		Y	
S_925ee			Food Compost	Food Waste	3	Refugia Gardens	HC			2020-11-20																									Y			Y
S_2a33b			Food Compost	Food Waste	0.5	Roots Micro Farm	CO			2020-11-12																									Y	Y	Y	
S_42107			Food Compost	Food Waste	0.5	Roots Micro Farm	CO			2020-11-12																									Y			Y
S_b2712			Food Compost	Food Waste	0.5	Roots Micro Farm	CO			2020-11-12																									Y		Y	
S_301cc			Food Compost	Food Waste	1	Roots Micro Farm	CO			2020-11-12																									Y	Y		Y
S_3086			Food Compost	Food Waste	1	Roots Micro Farm	CO			2020-11-12																									Y		Y	
S_c6e08			Food Compost	Food Waste	1	Roots Micro Farm	CO			2020-11-12																									Y			Y
S_15cbc			Food Compost	Food Waste	2	Roots Micro Farm	CO			2020-11-12																									Y	Y	Y	
S_33805			Food Compost	Food Waste	2	Roots Micro Farm	CO			2020-11-12																									Y	Y		Y
S_4eff8			Food Compost	Food Waste	2	Roots Micro Farm	CO			2020-11-12																									Y		Y	
S_515rcbc316-NTC			Lab control																																Y			
S_515rcbc328-NTC			Lab control																																Y			
S_NTC			Lab control																																Y			
S_NTC515rcbc176			Lab control																																Y			
S_RB-05122022			Lab control																																Y			
S_RB-1-26-23			Lab control																																Y			
S_RB-1-27-23			Lab control																																Y			
S_RB-10-11-22			Lab control																																Y			
S_RB-10-11-22-2			Lab control																																Y			
S_RB-10-13-22			Lab control																																Y			
S_RB-10-20-22			Lab control																																Y			
S_RB-10-27-22-1			Lab control																																Y			
S_RB-10-27-22-2			Lab control																																Y			
S_RB-10-4-22			Lab control																																Y			
S_RB-11-1-22			Lab control																																Y			
S_RB-11-2-22			Lab control																																Y			
S_RB-11-22-22			Lab control																																Y			
S_RB-11-23-22-1			Lab control																																Y			
S_RB-11-23-22-2			Lab control																																Y			
S_RB-11-3-22			Lab control																																Y			
S_RB-12-14-22-1			Lab control																																Y			
S_RB-12-14-22-2			Lab control																																Y			
S_RB-12-15-22			Lab control																																Y			
S_RB-2-10-23			Lab control																																Y			
S_RB-2-17-23			Lab control																																Y			
S_RB-2-2-23			Lab control																																Y			
S_RB-2-24-23			Lab control																																Y			
S_RB-2-8-23			Lab control																																Y			
S_RB-3-3-23			Lab control																																Y			
S_RB-3-9-23			Lab control																																Y			
S_RB-4-20-23			Lab control																																Y			
S_RB-6-14-23			Lab control																																Y			
S_RB-6-15-23			Lab control																																Y			
S_RB-6-22-23			Lab control																																Y			
S_RB-7-12-23			Lab control																																Y			
S_RB-8-11-22			Lab control																																Y			
S_RB-8-17-22			Lab control																																Y			
S_RB-8-25-22			Lab control																																Y			
S_RB-8-31-22			Lab control																																Y			
S_RB-9-1-22			Lab control																																Y			
S_RB-9-13-22			Lab control																																Y			
S_RB-9-14-22-1			Lab control																																Y			
S_RB-9-14-22-2			Lab control																																Y			
S_RB-9-14-22-3			Lab control																																Y			
S_RB-9-22-22			Lab control																																Y			
S_RB-9-27-22			Lab control																																Y			
S_RB-9-28-22			Lab control																																Y			
S_RB-9-29-22			Lab control																																Y			
S_RB-9-8-22-1			Lab control																																Y			
S_RB-9-8-22-2			Lab control																																Y			
S_RB-Bucket11-12			Lab control																																Y			
S_RB-nodateA			Lab control																																Y			
S_RB-nodateB			Lab control																																Y			
S_RB-nodateC			Lab control																																Y			
S_RB-razor-blade			Lab control																																Y			
S_RB-wipe-tweezer-spatula			Lab control																																Y			
S_RB5-12-22-1			Lab control																																Y			
S_0a515			Landscape Compost	Landscape Waste Compost	6	NAU	HC			2020-12-17																									Y			
S_358bb			Landscape Compost	Landscape Waste Compost	6	NAU	HC			2020-12-17																									Y			
S_74dae			Landscape Compost	Landscape Waste Compost	6	NAU	HC			2020-12-17																									Y			
S_bc2bc			Landscape Compost	Landscape Waste Compost	6	NAU	HC			2020-12-17																									Y			
S_cf675			Landscape Compost	Landscape Waste Compost	6	NAU	HC			2020-12-17																									Y			
S_d72ff			Landscape Compost	Landscape Waste Compost	6	NAU	HC			2020-12-17																									Y			
S_2534e			Landscape Compost	Landscape Waste Compost	12	NAU	HC			2020-12-17																									Y			
S_579b3			Landscape Compost	Landscape Waste Compost	12	NAU	HC			2020-12-17																									Y			
S_8740a			Landscape Compost	Landscape Waste Compost	12	NAU	HC			2020-12-17																									Y			
S_c0bc9			Landscape Compost	Landscape Waste Compost	12	NAU	HC			2020-12-17																									Y			
S_cd873			Landscape Compost	Landscape Waste Compost	12	NAU	HC			2020-12-17																									Y	Y		
S_ecbf0			Landscape Compost	Landscape Waste Compost	12	NAU	HC			2020-12-17																									Y	Y		
S_75cc4			Manure Compost	Manure	5	Forestdale	CO			2020-12-03																									Y			
S_c04ea			Manure Compost	Manure	5	Forestdale	CO			2020-12-03																									Y			
S_d2538			Manure Compost	Manure	5	Forestdale	CO			2020-12-03																									Y			
S_13114.metcalf.40.s001			Soil																																Y			
S_13114.metcalf.40.s002			Soil																																Y			
S_13114.metcalf.40.s003			Soil																																Y			
S_13114.metcalf.40.s004			Soil																																Y			
S_13114.metcalf.40.s005			Soil																																Y			
S_13114.metcalf.40.s006			Soil																																Y			
S_13114.metcalf.40.s007			Soil																																Y			
S_13114.metcalf.40.s008			Soil																																Y			
S_13114.metcalf.40.s009			Soil																																Y			
S_13114.metcalf.40.s010			Soil																																Y			
S_13114.metcalf.40.s011			Soil																																Y			
S_13114.metcalf.40.s012			Soil																																Y			
S_13114.metcalf.40.s013			Soil																																Y			
S_13114.metcalf.40.s014			Soil																																Y			
S_13114.metcalf.81.s001			Soil																																Y			
S_13114.metcalf.81.s002			Soil																																Y			
S_13114.metcalf.81.s003			Soil																																Y			
S_13114.myrold.59.s002			Soil																																Y			
S_13114.myrold.59.s005			Soil																																Y			
S_13114.myrold.59.s006			Soil																																Y			
S_13114.myrold.59.s008			Soil																																Y			
S_13114.myrold.59.s009			Soil																																Y			
S_13114.myrold.59.s010			Soil																																Y			
S_13114.myrold.59.s011			Soil																																Y			
S_13114.myrold.59.s013			Soil																																Y			
S_13114.myrold.59.s015			Soil																																Y			
S_13114.myrold.59.s017			Soil																																Y			
S_13114.myrold.59.s018			Soil																																Y			
S_13114.myrold.59.s020			Soil																																Y			
S_13114.myrold.59.s021			Soil																																Y			
S_13114.myrold.59.s022			Soil																																Y			
S_13114.stegen.38.s001			Soil																																Y			
S_13114.stegen.38.s005			Soil																																Y			
S_13114.stegen.38.s006			Soil																																Y			
S_13114.stegen.38.s008			Soil																																Y			
S_13114.stegen.38.s009			Soil																																Y			
S_13114.stegen.38.s011			Soil																																Y			
S_13114.stegen.38.s013			Soil																																Y			
S_13114.stegen.38.s014			Soil																																Y			
S_13114.stegen.38.s015			Soil																																Y			
S_13114.stegen.38.s017			Soil																																Y			
S_8009d			Other Controls	SunMar Microbe Mix		Flagstaff EcoRanch	CO			2021-03-23																									Y			
S_afec8			Other Controls	SunMar Microbe Mix		Flagstaff EcoRanch	CO			2021-03-22																									Y			
S_54e50c47-1																																						
S_54e50c47-2																																						
S_804ba3e0-1																																						
S_804ba3e0-2																																						
S_8bf744cb-1																																						
S_8bf744cb-2																																						
S_RBWipeTweezerSpatula																																						
S_RBrazorblade																																						
S_d99722f2-1																																						
S_d99722f2-2																																						
S_05751894																																						
S_545350e9																																						
